Sembol,Tarih,Fiyat (Son),Sinyal,Skor (Al),Skor (Sat),Elmas Formasyonu,AlphaTrend,MA,MACD,MACD_Signal,MACD_Positive,RSI,ADX,OBV_Diff,BB_Low,BB_Mavg,BB_High,BB_W,EMA20_gt_EMA50_gt_EMA200,Dipten Uzaklık (%),ATH'ye Uzaklık (%),ATH Breakout,ATH Dip Potansiyeli,Cup&Handle Formasyonu,Bull Flag Formasyonu,TOBO Formasyonu,Gelişmiş TOBO,EW_WaveType_1d,EW_CurrentWave_1d,EW_Phase_1d,EW_LastPivotTime_1d,EW_LastPivotPrice_1d,EW_WaveType_4h,EW_CurrentWave_4h,EW_Phase_4h,EW_LastPivotTime_4h,EW_LastPivotPrice_4h,EW_Direction_1d,EW_AsOf_1d,EW_Direction_4h,EW_AsOf_4h,EMA5_137 Sinyal,EMA5_137 Sinyal_Numeric,EMA3_199 Sinyal,EMA3_199 Sinyal_Numeric,EMA3_200 Sinyal,EMA3_200 Sinyal_Numeric,SMA5_137_15m_Sinyal,SMA5_137_15m_Sinyal_Numeric,SMA5_137_15m_Sinyal_Filt,SMA5_137_15m_Sinyal_Filt_Numeric,SMA5_137_15m_CrossTime,SMA5_137_15m_BarsSinceCross,SMA5_137_1h_Sinyal,SMA5_137_1h_Sinyal_Numeric,SMA5_137_1h_Sinyal_Filt,SMA5_137_1h_Sinyal_Filt_Numeric,SMA5_137_1h_CrossTime,SMA5_137_1h_BarsSinceCross,SMA5_137_4h_Sinyal,SMA5_137_4h_Sinyal_Numeric,SMA5_137_4h_Sinyal_Filt,SMA5_137_4h_Sinyal_Filt_Numeric,SMA5_137_4h_CrossTime,SMA5_137_4h_BarsSinceCross,SMA5_137_1d_Sinyal,SMA5_137_1d_Sinyal_Numeric,SMA5_137_1d_Sinyal_Filt,SMA5_137_1d_Sinyal_Filt_Numeric,SMA5_137_1d_CrossTime,SMA5_137_1d_BarsSinceCross,CandleGoldenCross_Over,Confirmed_BUY,Confirmed_SELL,CandleGoldenCross_Over_Confirmed_BUY,Confirmed_SELL_CandleCrossUnder,STOP Fiyat,TP Fiyat,Haftalık Değişim (%),Aylık Değişim (%),Ortalama Hacim (TL),F/K,PD/DD,Yorumlar,PUANLAMA_V4,TP Oran (%),Sinyal_Sort,VolumeDeltaUp_Sort,Formasyon_Sort,FormasyonTazeKirilim,BONUS_SCORE,DipSkor,ATHSkor,OBVSkor,TazeSkor,FinalSkorEx,__FDTT_NET_TL,__FDTT_ADV7_TL,KURUM_FDTT_SINYAL,__AKD_1D_NET_TL_NORM_ND,__AKD_3D_NET_TL_NORM_ND,KURUM_AKD_SINYAL,__AKD_PUAN,__FDTT_PUAN,__KURUM_PUAN,AL_VETO_SHOCK,__TURNOVER_1D,__TURNOVER_3D,__FF_MCAP,AKD_NOTE,GUNLUK_FARK,__FDTT_NET_PP,__FDTT_NET_TL_NORM,__AKD_RECENCY_COMBO,KURUM_AKD_SKOR,FinalSkorPlus,Kural,Kural_Adi,Kural_Listesi,Kural_Sayisi,KaynakReiter
AKGRT,2025-12-16,7.3,50,4,0,0,6.87,6.89,0.1,0.03,1,65.69,28.43,27791111.0,6.46,6.83,7.19,10.72,1,32.01,11.84,0,0,1,0,0,0,ImpulseUp,5,Başlangıç,2025-12-05 00:00,6.58,ImpulseUp,3,Başlangıç,2025-12-10 12:00,6.86,up,2025-12-16 00:00,up,2025-12-16 12:00,-,0,-,0,-,0,-,0,AL,50,2025-12-12 08:00,93,-,0,AL,50,2025-12-08 06:30,62.0,-,0,AL,50,2025-12-05 12:00,21.0,-,0,AL,50,2025-10-22 00:00,39.0,0,1,0,0,0,7.02,7.58,5.49,5.04,76713890,7.0192313,2.31,"EMA20 > EMA50 > EMA200 (Güçlü trend) | ATR Oranı düşük (2.55%) | Gelişmiş Cup & Handle | ATR STOP: 7.02, TP: 7.58 | 1H:%5.49 | 1A:%5.04 | Confirmed BUY (alphaTrend teyidi) | Volume Delta pozitif",9,3.84,2,1,1,0,0,-32.01,-11.84,27791111.0,0,9.2,729910188.65,103499092.57,True,0.11,0.03,True,3.0,3.0,3.0,False,0.06,0.14,3294131562.7,AKD pozitif (1g norm),3.84,22.16,7.05,0.08,62.0,71.2,KURAL5_FinalPlus_Combo,FinalPlus(desc) > PUANLAMA_V4(desc) > EMA5_137 Sinyal_Numeric(desc) > VolDelta(desc) > RSI(desc) > ATH uzaklık(asc) > ATHSkor(desc) > FinalSkorEx(asc),"KURAL1_Puan_FinalEx,KURAL2_EMA_Puan,KURAL4_Puan_Vol,KURAL5_FinalPlus_Combo",4,FinalPlus(desc) > PUANLAMA_V4(desc) > EMA5_137 Sinyal_Numeric(desc) > VolDelta(desc) > RSI(desc) > ATH uzaklık(asc) > ATHSkor(desc) > FinalSkorEx(asc)
KOPOL,2025-12-16,6.1,100,3,0,0,5.76,5.88,-0.08,-0.19,1,55.06,25.23,29019290.0,5.34,5.75,6.17,14.45,0,33.48,21.79,0,100,1,0,1,0,ImpulseDown,5,Orta,2025-12-15 00:00,6.67,,-,Orta,,,down,2025-12-16 00:00,,,-,0,AL,50,AL,50,-,0,AL,50,2025-12-05 13:00,238,-,0,-,0,,,-,0,-,0,,,-,0,SAT,-50,2025-11-25 00:00,15.0,0,1,0,0,0,5.67,6.53,7.39,-1.93,81919723,55.454544,1.82,"ATR Oranı düşük (4.71%) | Gelişmiş TOBO formasyonu | Gelişmiş Cup & Handle | ATR STOP: 5.67, TP: 6.53 | 1H:%7.39 | 1A:%-1.93 | Confirmed BUY (alphaTrend teyidi) | Volume Delta pozitif",8,7.05,1,1,1,1,0,-33.48,-21.79,29019290.0,5,6.77,1319805890.07,95729377.29,True,-0.02,-0.02,False,0.0,3.0,1.0,False,0.11,0.37,1624174196.5,AKD nötr/negatif,0.83,81.26,13.79,-0.02,24.0,30.77,KURAL5_FinalPlus_Combo,FinalPlus(desc) > PUANLAMA_V4(desc) > EMA5_137 Sinyal_Numeric(desc) > VolDelta(desc) > RSI(desc) > ATH uzaklık(asc) > ATHSkor(desc) > FinalSkorEx(asc),"KURAL1_Puan_FinalEx,KURAL2_EMA_Puan,KURAL4_Puan_Vol,KURAL5_FinalPlus_Combo",4,FinalPlus(desc) > PUANLAMA_V4(desc) > EMA5_137 Sinyal_Numeric(desc) > VolDelta(desc) > RSI(desc) > ATH uzaklık(asc) > ATHSkor(desc) > FinalSkorEx(asc)
VBTYZ,2025-12-16,16.11,0,0,0,0,16.25,16.16,-0.45,-0.62,1,43.27,25.25,2260098.0,15.15,15.96,16.76,10.05,0,4.47,37.9,0,100,1,0,0,0,ImpulseDown,5,Orta,2025-12-12 00:00,17.31,ImpulseDown,3,Başlangıç,2025-12-09 08:00,15.96,down,2025-12-16 00:00,down,2025-12-16 12:00,-,0,-,0,-,0,-,0,AL,50,2025-12-16 13:30,5,-,0,AL,50,2025-12-12 06:30,26.0,-,0,SAT,-50,2025-08-28 04:00,232.0,-,0,SAT,-50,2025-09-29 00:00,56.0,0,0,0,0,0,15.25,16.97,1.83,-7.2,28086698,0.0,1.91,"ATR Oranı düşük (3.56%) | Gelişmiş Cup & Handle | ATR STOP: 15.25, TP: 16.97 | 1H:%1.83 | 1A:%-7.2",5,5.34,0,0,1,0,0,-4.47,-37.9,2260098.0,0,14.19,45519525.29,24831321.0,True,0.02,0.01,False,0.0,3.0,1.0,False,0.04,0.19,849661714.71,AKD nötr/negatif,0.81,5.36,1.83,0.02,16.0,30.19,KURAL_DIP_STRICT,"Dip<=10, ATH uzak>=30, Aylık<=20, Son5g (0,15]; FinalSkorPlus(desc, ops) > EMA5_137 Sinyal_Numeric(desc) > VolDelta(desc) > PUANLAMA_V4(desc) > FinalSkorEx(asc)","KURAL2_EMA_Puan,KURAL5_FinalPlus_Combo,KURAL_DIP_STRICT",3,"Dip<=10, ATH uzak>=30, Aylık<=20, Son5g (0,15]; FinalSkorPlus(desc, ops) > EMA5_137 Sinyal_Numeric(desc) > VolDelta(desc) > PUANLAMA_V4(desc) > FinalSkorEx(asc)"
KARTN,2025-12-16,82.7,0,0,0,1,81.37,82.38,0.22,0.21,1,51.11,28.99,-117441.0,77.67,81.78,85.89,10.05,0,8.25,35.64,0,100,1,0,0,0,ImpulseDown,5,Orta,2025-12-01 00:00,86.15,ImpulseUp,3,Yükseliş Başlangıcı,2025-12-11 04:00,81.9,down,2025-12-16 00:00,up,2025-12-16 12:00,-,0,-,0,-,0,-,0,AL,50,2025-12-16 11:45,12,-,0,AL,50,2025-11-28 13:30,109.0,-,0,AL,50,2025-12-01 08:00,34.0,-,0,SAT,-50,2025-11-10 00:00,26.0,0,0,0,0,0,78.62,86.78,1.1,1.22,23414599,0.0,2.29,"ATR Oranı düşük (3.29%) | Gelişmiş Cup & Handle | Gelişmiş Elmas | ATR STOP: 78.62, TP: 86.78 | 1H:%1.1 | 1A:%1.22",5,4.93,0,0,1,0,0,-8.25,-35.64,-117441.0,0,9.69,153487705.91,18177225.43,True,-0.02,0.02,False,0.0,3.0,1.0,False,0.01,0.03,1348731805.6,AKD nötr/negatif,-0.96,11.38,8.44,-0.01,20.0,29.69,KURAL_DIP_STRICT,"Dip<=10, ATH uzak>=30, Aylık<=20, Son5g (0,15]; FinalSkorPlus(desc, ops) > EMA5_137 Sinyal_Numeric(desc) > VolDelta(desc) > PUANLAMA_V4(desc) > FinalSkorEx(asc)","KURAL2_EMA_Puan,KURAL5_FinalPlus_Combo,KURAL_DIP_STRICT",3,"Dip<=10, ATH uzak>=30, Aylık<=20, Son5g (0,15]; FinalSkorPlus(desc, ops) > EMA5_137 Sinyal_Numeric(desc) > VolDelta(desc) > PUANLAMA_V4(desc) > FinalSkorEx(asc)"
SARKY,2025-12-16,16.6,50,4,0,0,16.01,15.83,0.41,0.27,1,64.02,21.63,-2899007.0,14.39,15.64,16.89,16.0,1,61.42,1.78,100,0,1,0,1,0,ImpulseUp,2,Düşüş Başlangıcı,2025-10-09 00:00,15.71,ImpulseUp,5,Başlangıç,2025-12-10 08:00,15.48,up,2025-12-16 00:00,up,2025-12-16 12:00,-,0,-,0,-,0,-,0,AL,50,2025-12-12 07:15,96,-,0,AL,50,2025-12-03 08:30,87.0,-,0,AL,50,2025-12-02 08:00,31.0,-,0,AL,50,2025-07-14 00:00,110.0,0,1,0,0,0,15.82,17.38,4.21,9.79,32068556,inf,1.44,"EMA20 > EMA50 > EMA200 (Güçlü trend) | ATH Breakout! (uzaklık %1.78) | ATR Oranı düşük (3.15%) | Gelişmiş TOBO formasyonu | Gelişmiş Cup & Handle | ATR STOP: 15.82, TP: 17.38 | 1H:%4.21 | 1A:%9.79 | Confirmed BUY (alphaTrend teyidi)",8,4.7,2,0,1,0,0,-61.42,-1.78,-2899007.0,0,-27.37,4385493838.73,39041826.57,True,0.08,0.05,True,2.0,3.0,2.0,False,0.0,0.01,13585965307.0,AKD pozitif (1g norm),-1.54,32.28,112.33,0.07,55.0,27.63,KURAL5_FinalPlus_Combo,FinalPlus(desc) > PUANLAMA_V4(desc) > EMA5_137 Sinyal_Numeric(desc) > VolDelta(desc) > RSI(desc) > ATH uzaklık(asc) > ATHSkor(desc) > FinalSkorEx(asc),"KURAL1_Puan_FinalEx,KURAL4_Puan_Vol,KURAL5_FinalPlus_Combo",3,FinalPlus(desc) > PUANLAMA_V4(desc) > EMA5_137 Sinyal_Numeric(desc) > VolDelta(desc) > RSI(desc) > ATH uzaklık(asc) > ATHSkor(desc) > FinalSkorEx(asc)
BMSCH,2025-12-16,27.38,50,4,0,0,25.06,24.21,1.78,1.71,1,69.29,53.37,4214605.0,19.01,23.81,28.62,40.36,1,195.01,0.0,100,0,1,0,0,0,ImpulseUp,5,Başlangıç,2025-11-19 00:00,19.26,ImpulseUp,2,Düşüş Başlangıcı,2025-11-27 04:00,21.86,up,2025-12-16 00:00,up,2025-12-16 12:00,-,0,-,0,-,0,-,0,AL,50,2025-12-11 10:30,116,-,0,AL,50,2025-11-27 06:30,125.0,-,0,AL,50,2025-10-02 08:00,156.0,-,0,-,0,,,0,1,0,0,0,24.81,29.95,9.17,33.17,118482479,0.0,1.87,"EMA20 > EMA50 > EMA200 (Güçlü trend) | ATH Breakout! (uzaklık %0.0) | ATR Oranı düşük (6.25%) | Gelişmiş Cup & Handle | ATR STOP: 24.81, TP: 29.95 | 1H:%9.17 | 1A:%33.17 | Confirmed BUY (alphaTrend teyidi)",10,9.39,2,0,1,0,0,-195.01,-0.0,4214605.0,0,-148.35,1377693561.25,146276839.29,True,-0.06,0.0,False,0.0,3.0,1.0,False,0.07,0.21,1727870262.36,AKD nötr/negatif,0.37,79.73,9.42,-0.04,25.0,-123.35,KURAL4_Puan_Vol,"PUANLAMA_V4 desc, FinalSkorPlus(desc, ops), VolumeDeltaUp_Sort desc","KURAL1_Puan_FinalEx,KURAL3_Dip_EMA,KURAL4_Puan_Vol",3,"PUANLAMA_V4 desc, FinalSkorPlus(desc, ops), VolumeDeltaUp_Sort desc"
CVKMD,2025-12-16,23.2,50,4,0,0,20.73,19.82,0.96,0.34,1,73.12,32.29,51764815.0,14.95,18.86,22.78,41.49,1,190.45,0.0,100,0,1,0,0,0,ImpulseUp,5,Başlangıç,2025-11-24 00:00,16.47,,-,Orta,,,up,2025-12-16 00:00,,,-,0,-,0,-,0,-,0,AL,50,2025-12-15 13:00,40,-,0,-,0,,,-,0,-,0,,,-,0,-,0,,,0,0,0,0,0,21.56,24.84,12.29,30.26,533343739,0.0,3.75,"EMA20 > EMA50 > EMA200 (Güçlü trend) | ATH Breakout! (uzaklık %0.0) | ATR Oranı düşük (4.73%) | Gelişmiş Cup & Handle | ATR STOP: 21.56, TP: 24.84 | 1H:%12.29 | 1A:%30.26 | Volume Delta pozitif",9,7.07,2,1,1,0,0,-190.45,-0.0,51764815.0,0,-146.71,2669627701.67,689739018.86,True,0.04,0.0,False,0.0,3.0,1.0,False,0.12,0.44,9728427394.4,AKD nötr/negatif,6.42,27.44,3.87,0.03,22.0,-124.71,KURAL4_Puan_Vol,"PUANLAMA_V4 desc, FinalSkorPlus(desc, ops), VolumeDeltaUp_Sort desc","KURAL1_Puan_FinalEx,KURAL3_Dip_EMA,KURAL4_Puan_Vol",3,"PUANLAMA_V4 desc, FinalSkorPlus(desc, ops), VolumeDeltaUp_Sort desc"
KUYAS,2025-12-16,57.75,50,4,0,0,53.76,48.82,2.47,0.03,1,72.97,25.07,10038027.0,35.85,46.98,58.1,47.36,1,217.66,18.37,0,0,1,0,0,0,ImpulseDown,2,Yükseliş Başlangıcı,2025-10-21 00:00,44.8,ImpulseUp,2,Düşüş Başlangıcı,2025-12-03 08:00,41.9,down,2025-12-16 00:00,up,2025-12-16 12:00,-,0,-,0,-,0,-,0,AL,50,2025-12-05 10:30,248,-,0,AL,50,2025-12-09 09:30,50.0,-,0,AL,50,2025-12-10 08:00,13.0,AL,50,AL,50,2025-12-16 00:00,0.0,1,1,0,1,0,53.06,62.44,9.48,40.17,666126313,82.5,8.57,"EMA20 > EMA50 > EMA200 (Güçlü trend) | ATR Oranı düşük (5.41%) | Gelişmiş Cup & Handle | ATR STOP: 53.06, TP: 62.44 | 1H:%9.48 | 1A:%40.17 | Confirmed BUY (alphaTrend teyidi) | GoldenCross + Confirmed BUY",12,8.12,2,0,1,0,0,-217.66,-18.37,10038027.0,0,-166.17,2605906752.46,603540072.29,True,0.01,-0.03,False,0.0,3.0,1.0,False,0.03,0.11,23038541699.25,AKD nötr/negatif,0.96,11.31,4.32,-0.0,24.0,-142.17,KURAL4_Puan_Vol,"PUANLAMA_V4 desc, FinalSkorPlus(desc, ops), VolumeDeltaUp_Sort desc","KURAL1_Puan_FinalEx,KURAL3_Dip_EMA,KURAL4_Puan_Vol",3,"PUANLAMA_V4 desc, FinalSkorPlus(desc, ops), VolumeDeltaUp_Sort desc"
TDGYO,2025-12-16,39.56,50,4,0,0,36.87,33.46,2.47,1.62,1,82.78,40.71,945395.0,26.82,32.75,38.69,36.24,1,259.64,0.0,100,0,0,0,0,0,ImpulseUp,5,Başlangıç,2025-11-19 00:00,27.32,ImpulseUp,4,Düşüş Başlangıcı,2025-12-05 04:00,31.88,up,2025-12-16 00:00,up,2025-12-16 12:00,-,0,-,0,-,0,-,0,AL,50,2025-12-05 13:45,235,-,0,AL,50,2025-12-04 13:30,73.0,-,0,AL,50,2025-07-18 12:00,317.0,-,0,AL,50,2025-07-22 00:00,105.0,0,1,0,0,0,37.01,42.11,19.66,23.7,36909702,0.0,7.86,"EMA20 > EMA50 > EMA200 (Güçlü trend) | ATH Breakout! (uzaklık %0.0) | ATR Oranı düşük (4.3%) | ATR STOP: 37.01, TP: 42.11 | 1H:%19.66 | 1A:%23.7 | Confirmed BUY (alphaTrend teyidi)",9,6.45,2,0,0,0,0,-259.64,-0.0,945395.0,0,-217.91,754460917.25,31300362.29,True,-0.07,-0.01,False,-2.0,3.0,0.0,False,0.02,0.06,2329509628.36,AKD nötr/negatif,0.82,32.39,24.1,-0.05,13.0,-204.91,KURAL4_Puan_Vol,"PUANLAMA_V4 desc, FinalSkorPlus(desc, ops), VolumeDeltaUp_Sort desc","KURAL1_Puan_FinalEx,KURAL3_Dip_EMA,KURAL4_Puan_Vol",3,"PUANLAMA_V4 desc, FinalSkorPlus(desc, ops), VolumeDeltaUp_Sort desc"
DITAS,2025-12-16,46.2,50,4,0,0,41.2,39.87,2.51,2.38,1,74.88,39.36,3481934.0,35.39,40.02,44.66,23.16,1,300.69,0.0,100,0,1,0,0,0,ImpulseUp,3,Başlangıç,2025-09-02 00:00,32.46,ImpulseUp,3,Başlangıç,2025-12-08 04:00,38.4,up,2025-12-16 00:00,up,2025-12-16 12:00,-,0,-,0,-,0,-,0,AL,50,2025-12-15 08:30,58,-,0,AL,50,2025-10-28 07:30,302.0,-,0,AL,50,2025-11-07 12:00,81.0,-,0,AL,50,2025-10-24 00:00,37.0,0,0,0,0,0,42.27,50.13,14.07,20.44,69681209,0.0,3.98,"EMA20 > EMA50 > EMA200 (Güçlü trend) | ATH Breakout! (uzaklık %0.0) | ATR Oranı düşük (5.67%) | Gelişmiş Cup & Handle | ATR STOP: 42.27, TP: 50.13 | 1H:%14.07 | 1A:%20.44 | Volume Delta pozitif",9,8.51,2,1,1,0,0,-300.69,-0.0,3481934.0,0,-258.12,1407315379.92,58255689.14,True,-0.01,-0.01,False,0.0,3.0,1.0,False,0.12,0.24,1279234572.0,AKD nötr/negatif,4.81,110.01,24.16,-0.01,19.0,-239.12,KURAL4_Puan_Vol,"PUANLAMA_V4 desc, FinalSkorPlus(desc, ops), VolumeDeltaUp_Sort desc","KURAL1_Puan_FinalEx,KURAL3_Dip_EMA,KURAL4_Puan_Vol",3,"PUANLAMA_V4 desc, FinalSkorPlus(desc, ops), VolumeDeltaUp_Sort desc"
MAGEN,2025-12-16,37.9,50,4,0,0,34.18,33.85,1.82,1.45,1,72.47,44.74,10933009.0,29.56,33.5,37.43,23.51,1,399.74,0.0,100,0,1,0,0,0,ImpulseUp,5,Başlangıç,2025-12-03 00:00,30.56,ImpulseUp,5,Başlangıç,2025-12-12 12:00,34.6,up,2025-12-16 00:00,up,2025-12-16 12:00,-,0,-,0,-,0,-,0,AL,50,2025-12-15 08:00,60,-,0,AL,50,2025-12-04 07:30,79.0,-,0,AL,50,2025-05-08 04:00,459.0,-,0,-,0,,,0,0,0,0,0,35.22,40.58,5.69,13.47,232837119,0.0,2.96,"EMA20 > EMA50 > EMA200 (Güçlü trend) | ATH Breakout! (uzaklık %0.0) | ATR Oranı düşük (4.71%) | Gelişmiş Cup & Handle | ATR STOP: 35.22, TP: 40.58 | 1H:%5.69 | 1A:%13.47 | Volume Delta pozitif",9,7.07,2,1,1,0,0,-399.74,-0.0,10933009.0,0,-356.53,69071112517.89,417932212.57,True,0.06,0.05,True,2.0,3.0,2.0,False,0.01,0.07,27268193801.1,AKD pozitif (1g norm),3.16,253.3,165.27,0.06,39.0,-317.53,KURAL4_Puan_Vol,"PUANLAMA_V4 desc, FinalSkorPlus(desc, ops), VolumeDeltaUp_Sort desc","KURAL1_Puan_FinalEx,KURAL3_Dip_EMA,KURAL4_Puan_Vol",3,"PUANLAMA_V4 desc, FinalSkorPlus(desc, ops), VolumeDeltaUp_Sort desc"
BURCE,2025-12-16,60.1,50,4,0,0,55.82,47.72,5.62,4.68,1,73.02,32.64,514978.0,30.76,45.87,60.98,65.89,1,339.65,0.0,100,0,1,0,0,0,ImpulseUp,5,Başlangıç,2025-11-17 00:00,31.26,ImpulseUp,2,Düşüş Başlangıcı,2025-12-05 08:00,56.2,up,2025-12-16 00:00,up,2025-12-16 12:00,-,0,-,0,-,0,-,0,AL,50,2025-12-11 09:45,14,-,0,AL,50,2025-11-26 12:30,93.0,-,0,AL,50,2025-09-16 08:00,192.0,-,0,AL,50,2025-07-28 00:00,101.0,0,0,0,0,0,54.54,65.66,19.48,70.54,48530930,0.0,4.63,"EMA20 > EMA50 > EMA200 (Güçlü trend) | ATH Breakout! (uzaklık %0.0) | ATR Oranı düşük (6.17%) | Gelişmiş Cup & Handle | ATR STOP: 54.54, TP: 65.66 | 1H:%19.48 | 1A:%70.54",9,9.25,2,0,1,0,0,-339.65,-0.0,514978.0,0,-298.14,-279029203.43,35078684.29,False,-0.08,-0.01,False,-2.0,-3.0,-2.0,False,0.01,0.04,2667676970.4,AKD nötr/negatif,3.62,-10.46,-7.95,-0.06,-44.0,-342.14,KURAL4_Puan_Vol,"PUANLAMA_V4 desc, FinalSkorPlus(desc, ops), VolumeDeltaUp_Sort desc","KURAL1_Puan_FinalEx,KURAL3_Dip_EMA,KURAL4_Puan_Vol",3,"PUANLAMA_V4 desc, FinalSkorPlus(desc, ops), VolumeDeltaUp_Sort desc"
ALKLC,2025-12-16,179.0,50,4,0,0,157.99,132.8,21.52,14.37,1,85.09,46.56,-1705519.0,68.95,125.4,181.85,90.03,1,618.53,0.5,100,0,1,0,0,0,ImpulseUp,3,Başlangıç,2025-10-22 00:00,84.6,ImpulseUp,5,Başlangıç,2025-12-16 08:00,169.2,up,2025-12-16 00:00,up,2025-12-16 12:00,-,0,-,0,-,0,-,0,AL,50,2025-12-01 07:45,391,-,0,AL,50,2025-11-19 09:30,176.0,-,0,AL,50,2025-11-20 12:00,54.0,-,0,-,0,,,0,1,0,0,0,162.78,195.22,25.17,141.4,525995581,128.77698,8.44,"EMA20 > EMA50 > EMA200 (Güçlü trend) | ATH Breakout! (uzaklık %0.5) | ATR Oranı düşük (6.04%) | Gelişmiş Cup & Handle | ATR STOP: 162.78, TP: 195.22 | 1H:%25.17 | 1A:%141.4 | Confirmed BUY (alphaTrend teyidi)",9,9.06,2,0,1,0,0,-618.53,-0.5,-1705519.0,0,-579.54,774233098.21,385666382.29,True,0.05,0.0,True,0.0,3.0,1.0,False,0.04,0.11,7118221221.0,AKD pozitif (1g norm),-0.5,10.88,2.01,0.04,26.0,-553.54,KURAL4_Puan_Vol,"PUANLAMA_V4 desc, FinalSkorPlus(desc, ops), VolumeDeltaUp_Sort desc","KURAL1_Puan_FinalEx,KURAL3_Dip_EMA,KURAL4_Puan_Vol",3,"PUANLAMA_V4 desc, FinalSkorPlus(desc, ops), VolumeDeltaUp_Sort desc"
KLRHO,2025-12-16,237.5,50,4,0,0,207.31,189.74,24.01,15.87,1,80.29,49.48,1812699.0,119.4,181.48,243.56,68.41,1,908.06,0.42,100,0,1,0,0,0,ImpulseUp,5,Başlangıç,2025-11-06 00:00,120.2,ImpulseUp,5,Orta,2025-12-16 08:00,215.0,up,2025-12-16 00:00,up,2025-12-16 12:00,-,0,-,0,-,0,-,0,AL,50,2025-12-16 10:30,17,-,0,AL,50,2025-11-18 07:30,187.0,-,0,AL,50,2025-09-12 08:00,198.0,-,0,-,0,,,0,0,0,0,0,214.05,260.95,11.98,75.41,432063002,247.39584,13.01,"EMA20 > EMA50 > EMA200 (Güçlü trend) | ATH Breakout! (uzaklık %0.42) | ATR Oranı düşük (6.58%) | Gelişmiş Cup & Handle | ATR STOP: 214.05, TP: 260.95 | 1H:%11.98 | 1A:%75.41",9,9.87,2,0,1,0,0,-908.06,-0.42,1812699.0,0,-866.08,105299002095.08,470915938.86,True,0.06,0.02,True,2.0,3.0,2.0,False,0.01,0.02,81046042562.5,AKD pozitif (1g norm),1.93,129.92,223.6,0.05,36.0,-830.08,KURAL4_Puan_Vol,"PUANLAMA_V4 desc, FinalSkorPlus(desc, ops), VolumeDeltaUp_Sort desc","KURAL1_Puan_FinalEx,KURAL3_Dip_EMA,KURAL4_Puan_Vol",3,"PUANLAMA_V4 desc, FinalSkorPlus(desc, ops), VolumeDeltaUp_Sort desc"
PRKME,2025-12-16,17.41,0,0,0,0,17.16,17.0,0.04,-0.13,1,57.82,28.14,-814374.0,16.04,16.8,17.56,9.06,0,12.54,34.2,0,100,0,0,0,0,ImpulseDown,3,Orta,2025-10-31 00:00,19.69,ImpulseUp,5,Başlangıç,2025-12-15 04:00,17.2,down,2025-12-16 00:00,up,2025-12-16 12:00,-,0,-,0,-,0,-,0,AL,50,2025-12-05 11:45,243,-,0,AL,50,2025-12-01 08:30,105.0,-,0,AL,50,2025-12-10 12:00,12.0,-,0,SAT,-50,2025-10-07 00:00,50.0,0,0,0,0,0,16.73,18.09,1.52,3.94,26851621,32.849056,0.53,"ATR Oranı düşük (2.61%) | ATR STOP: 16.73, TP: 18.09 | 1H:%1.52 | 1A:%3.94",3,3.91,0,0,0,0,0,-12.54,-34.2,-814374.0,0,-3.41,544143395.49,21307237.14,True,0.09,0.02,True,2.0,3.0,2.0,False,0.02,0.1,815627266.46,AKD pozitif (1g norm),-0.06,66.71,25.54,0.07,57.0,53.59,KURAL5_FinalPlus_Combo,FinalPlus(desc) > PUANLAMA_V4(desc) > EMA5_137 Sinyal_Numeric(desc) > VolDelta(desc) > RSI(desc) > ATH uzaklık(asc) > ATHSkor(desc) > FinalSkorEx(asc),"KURAL2_EMA_Puan,KURAL5_FinalPlus_Combo",2,FinalPlus(desc) > PUANLAMA_V4(desc) > EMA5_137 Sinyal_Numeric(desc) > VolDelta(desc) > RSI(desc) > ATH uzaklık(asc) > ATHSkor(desc) > FinalSkorEx(asc)
LKMNH,2025-12-16,17.05,100,3,0,0,15.96,15.85,0.1,-0.26,1,67.99,31.13,2795547.0,14.03,15.55,17.06,19.5,0,20.75,19.95,0,0,1,0,0,0,ImpulseDown,4,Başlangıç,2025-12-03 00:00,14.0,ImpulseUp,4,Düşüş Başlangıcı,2025-11-21 04:00,16.44,down,2025-12-16 00:00,up,2025-12-16 12:00,-,0,-,0,-,0,-,0,AL,50,2025-12-04 07:45,292,-,0,AL,50,2025-12-09 08:30,51.0,-,0,AL,50,2025-12-11 12:00,9.0,-,0,SAT,-50,2025-11-12 00:00,24.0,0,1,0,0,0,16.27,17.83,7.57,7.84,34156589,7.1940928,1.62,"ATR Oranı düşük (3.04%) | Gelişmiş Cup & Handle | ATR STOP: 16.27, TP: 17.83 | 1H:%7.57 | 1A:%7.84 | Confirmed BUY (alphaTrend teyidi)",7,4.57,1,0,1,0,0,-20.75,-19.95,2795547.0,0,9.67,284950185.91,29979666.86,True,0.04,0.04,False,2.0,3.0,2.0,False,0.02,0.05,2634459931.95,AKD nötr/negatif,2.46,10.82,9.5,0.04,38.0,47.67,KURAL5_FinalPlus_Combo,FinalPlus(desc) > PUANLAMA_V4(desc) > EMA5_137 Sinyal_Numeric(desc) > VolDelta(desc) > RSI(desc) > ATH uzaklık(asc) > ATHSkor(desc) > FinalSkorEx(asc),"KURAL2_EMA_Puan,KURAL5_FinalPlus_Combo",2,FinalPlus(desc) > PUANLAMA_V4(desc) > EMA5_137 Sinyal_Numeric(desc) > VolDelta(desc) > RSI(desc) > ATH uzaklık(asc) > ATHSkor(desc) > FinalSkorEx(asc)
AFYON,2025-12-16,13.39,0,0,0,0,13.29,13.27,0.12,0.08,1,56.76,12.74,-2306266.0,12.79,13.21,13.63,6.42,0,14.05,17.35,0,0,0,0,1,0,ImpulseUp,3,Başlangıç,2025-11-11 00:00,12.62,ImpulseUp,2,Düşüş Başlangıcı,2025-12-03 12:00,13.35,up,2025-12-16 00:00,up,2025-12-16 12:00,-,0,SAT,-50,SAT,-50,-,0,SAT,-50,2025-12-15 10:00,52,-,0,AL,50,2025-12-05 10:30,67.0,-,0,AL,50,2025-11-27 08:00,40.0,-,0,AL,50,2025-12-11 00:00,3.0,0,0,0,0,0,13.06,13.72,-1.25,2.61,36333144,18.859156,0.75,"ATR Oranı düşük (1.66%) | Gelişmiş TOBO formasyonu | ATR STOP: 13.06, TP: 13.72 | 1H:%-1.25 | 1A:%2.61",1,2.46,0,0,1,0,0,-14.05,-17.35,-2306266.0,0,-10.81,1208630505.08,55029397.0,True,0.08,0.0,True,2.0,3.0,2.0,False,0.01,0.04,2623159005.48,AKD pozitif (1g norm),-0.37,46.08,21.96,0.06,51.0,40.19,KURAL5_FinalPlus_Combo,FinalPlus(desc) > PUANLAMA_V4(desc) > EMA5_137 Sinyal_Numeric(desc) > VolDelta(desc) > RSI(desc) > ATH uzaklık(asc) > ATHSkor(desc) > FinalSkorEx(asc),"KURAL2_EMA_Puan,KURAL5_FinalPlus_Combo",2,FinalPlus(desc) > PUANLAMA_V4(desc) > EMA5_137 Sinyal_Numeric(desc) > VolDelta(desc) > RSI(desc) > ATH uzaklık(asc) > ATHSkor(desc) > FinalSkorEx(asc)
SMART,2025-12-16,25.44,100,3,0,0,23.53,23.68,-0.12,-0.38,1,65.35,27.3,5331240.0,22.16,23.32,24.47,9.87,0,16.7,29.76,0,100,1,0,0,0,ImpulseDown,2,Orta,2025-10-20 00:00,23.7,ImpulseUp,3,Başlangıç,2025-12-05 08:00,22.76,down,2025-12-16 00:00,up,2025-12-16 12:00,-,0,-,0,-,0,-,0,AL,50,2025-12-16 13:00,7,-,0,AL,50,2025-12-16 12:30,2.0,-,0,SAT,-50,2025-11-11 08:00,76.0,-,0,SAT,-50,2025-11-12 00:00,24.0,0,0,0,0,0,24.03,26.85,8.44,5.65,26028568,0.0,1.78,"ATR Oranı düşük (3.7%) | Gelişmiş Cup & Handle | ATR STOP: 24.03, TP: 26.85 | 1H:%8.44 | 1A:%5.65 | Volume Delta pozitif",7,5.54,1,1,1,0,0,-16.7,-29.76,5331240.0,0,12.18,93376669.06,13313320.14,True,0.02,0.02,False,0.0,3.0,1.0,False,0.18,0.21,754543022.4,AKD nötr/negatif,9.94,12.38,7.01,0.02,28.0,40.18,KURAL5_FinalPlus_Combo,FinalPlus(desc) > PUANLAMA_V4(desc) > EMA5_137 Sinyal_Numeric(desc) > VolDelta(desc) > RSI(desc) > ATH uzaklık(asc) > ATHSkor(desc) > FinalSkorEx(asc),"KURAL2_EMA_Puan,KURAL5_FinalPlus_Combo",2,FinalPlus(desc) > PUANLAMA_V4(desc) > EMA5_137 Sinyal_Numeric(desc) > VolDelta(desc) > RSI(desc) > ATH uzaklık(asc) > ATHSkor(desc) > FinalSkorEx(asc)
ASUZU,2025-12-16,55.0,0,0,0,0,55.74,54.86,-0.05,-0.33,1,50.19,13.99,-415199.0,52.14,54.64,57.13,9.12,0,7.84,18.5,0,0,1,0,0,0,ImpulseUp,5,Orta,2025-12-01 00:00,52.95,ImpulseUp,5,Yükseliş Başlangıcı,2025-12-16 08:00,54.7,up,2025-12-16 00:00,up,2025-12-16 12:00,-,0,-,0,-,0,-,0,SAT,-50,2025-12-16 08:00,27,-,0,AL,50,2025-12-08 07:30,61.0,-,0,AL,50,2025-12-11 08:00,10.0,-,0,SAT,-50,2025-10-01 00:00,54.0,0,0,0,0,0,52.86,57.14,0.82,0.64,43870875,44.35484,1.04,"ATR Oranı düşük (2.59%) | Gelişmiş Cup & Handle | ATR STOP: 52.86, TP: 57.14 | 1H:%0.82 | 1A:%0.64",2,3.89,0,0,1,0,0,-7.84,-18.5,-415199.0,0,1.09,177365030.72,23345203.43,True,0.09,-0.03,True,2.0,3.0,2.0,False,0.01,0.03,2002388190.0,AKD pozitif (1g norm),-1.43,8.86,7.6,0.06,39.0,40.09,KURAL5_FinalPlus_Combo,FinalPlus(desc) > PUANLAMA_V4(desc) > EMA5_137 Sinyal_Numeric(desc) > VolDelta(desc) > RSI(desc) > ATH uzaklık(asc) > ATHSkor(desc) > FinalSkorEx(asc),"KURAL2_EMA_Puan,KURAL5_FinalPlus_Combo",2,FinalPlus(desc) > PUANLAMA_V4(desc) > EMA5_137 Sinyal_Numeric(desc) > VolDelta(desc) > RSI(desc) > ATH uzaklık(asc) > ATHSkor(desc) > FinalSkorEx(asc)
ANELE,2025-12-16,15.89,-50,0,4,0,15.76,16.03,-0.02,-0.0,0,46.3,24.91,413896.0,15.48,16.0,16.52,6.5,0,16.41,37.88,0,100,0,0,1,0,ImpulseUp,4,Orta,2025-11-18 00:00,17.06,ImpulseDown,2,Başlangıç,2025-12-09 04:00,15.86,up,2025-12-16 00:00,down,2025-12-16 12:00,-,0,-,0,-,0,-,0,SAT,-50,2025-12-11 11:30,112,-,0,SAT,-50,2025-12-15 11:30,12.0,-,0,AL,50,2025-12-02 04:00,32.0,-,0,SAT,-50,2025-10-02 00:00,53.0,0,0,0,0,0,15.18,16.6,-1.61,0.0,15018935,15.732674,1.49,"ATR Oranı düşük (2.98%) | Gelişmiş TOBO formasyonu | ATR STOP: 15.18, TP: 16.6 | 1H:%-1.61 | 1A:%0.0",3,4.47,0,0,1,0,0,-16.41,-37.88,413896.0,0,-6.59,114444602.98,12896166.0,True,0.09,0.01,True,2.0,3.0,2.0,False,0.01,0.06,714651923.72,AKD pozitif (1g norm),0.06,16.01,8.87,0.07,45.0,38.41,KURAL5_FinalPlus_Combo,FinalPlus(desc) > PUANLAMA_V4(desc) > EMA5_137 Sinyal_Numeric(desc) > VolDelta(desc) > RSI(desc) > ATH uzaklık(asc) > ATHSkor(desc) > FinalSkorEx(asc),"KURAL2_EMA_Puan,KURAL5_FinalPlus_Combo",2,FinalPlus(desc) > PUANLAMA_V4(desc) > EMA5_137 Sinyal_Numeric(desc) > VolDelta(desc) > RSI(desc) > ATH uzaklık(asc) > ATHSkor(desc) > FinalSkorEx(asc)
KLKIM,2025-12-16,33.8,100,3,0,0,31.83,31.76,0.21,-0.35,1,67.29,16.95,2991335.0,29.18,31.24,33.3,13.19,0,33.07,10.2,0,0,0,0,1,0,ImpulseDown,4,Orta,2025-12-05 00:00,29.98,ImpulseDown,4,Başlangıç,2025-12-05 04:00,29.98,down,2025-12-16 00:00,down,2025-12-16 12:00,-,0,-,0,-,0,-,0,AL,50,2025-12-09 12:00,176,-,0,AL,50,2025-12-10 06:30,44.0,-,0,AL,50,2025-12-11 08:00,10.0,-,0,AL,50,2025-12-12 00:00,2.0,0,1,0,0,0,32.23,35.37,8.54,6.96,58787997,1690.0,2.6,"ATR Oranı düşük (3.09%) | Gelişmiş TOBO formasyonu | ATR STOP: 32.23, TP: 35.37 | 1H:%8.54 | 1A:%6.96 | Confirmed BUY (alphaTrend teyidi) | Volume Delta pozitif",6,4.64,1,1,1,1,0,-33.07,-10.2,2991335.0,5,0.35,1225907889.8,63352837.86,True,0.02,0.1,False,2.0,3.0,2.0,False,0.02,0.08,4056034138.0,AKD nötr/negatif,0.96,30.22,19.35,0.04,38.0,38.35,KURAL5_FinalPlus_Combo,FinalPlus(desc) > PUANLAMA_V4(desc) > EMA5_137 Sinyal_Numeric(desc) > VolDelta(desc) > RSI(desc) > ATH uzaklık(asc) > ATHSkor(desc) > FinalSkorEx(asc),"KURAL2_EMA_Puan,KURAL5_FinalPlus_Combo",2,FinalPlus(desc) > PUANLAMA_V4(desc) > EMA5_137 Sinyal_Numeric(desc) > VolDelta(desc) > RSI(desc) > ATH uzaklık(asc) > ATHSkor(desc) > FinalSkorEx(asc)
KRDMD,2025-12-16,28.36,100,3,0,0,26.76,26.16,0.35,-0.02,1,71.28,17.54,99782416.0,24.17,25.81,27.46,12.76,0,30.45,16.24,0,0,1,0,0,0,ImpulseDown,4,Başlangıç,2025-11-13 00:00,23.5,ImpulseUp,5,Başlangıç,2025-12-11 12:00,25.88,down,2025-12-16 00:00,up,2025-12-16 12:00,-,0,-,0,-,0,-,0,AL,50,2025-12-09 10:45,181,-,0,AL,50,2025-11-26 08:30,132.0,-,0,AL,50,2025-12-10 04:00,14.0,-,0,AL,50,2025-12-15 00:00,1.0,0,1,0,0,0,26.97,29.75,8.99,17.09,1272478689,10.742424,0.51,"ATR Oranı düşük (3.27%) | Gelişmiş Cup & Handle | ATR STOP: 26.97, TP: 29.75 | 1H:%8.99 | 1A:%17.09 | Confirmed BUY (alphaTrend teyidi) | Volume Delta pozitif",6,4.9,1,1,1,0,0,-30.45,-16.24,99782416.0,0,-1.79,196720434.87,1111191202.57,False,0.08,0.03,True,2.0,0.0,1.0,False,0.14,0.29,20573757746.0,AKD pozitif (1g norm),4.26,0.96,0.18,0.06,40.0,38.21,KURAL5_FinalPlus_Combo,FinalPlus(desc) > PUANLAMA_V4(desc) > EMA5_137 Sinyal_Numeric(desc) > VolDelta(desc) > RSI(desc) > ATH uzaklık(asc) > ATHSkor(desc) > FinalSkorEx(asc),"KURAL2_EMA_Puan,KURAL5_FinalPlus_Combo",2,FinalPlus(desc) > PUANLAMA_V4(desc) > EMA5_137 Sinyal_Numeric(desc) > VolDelta(desc) > RSI(desc) > ATH uzaklık(asc) > ATHSkor(desc) > FinalSkorEx(asc)
KLSYN,2025-12-16,5.71,100,3,0,0,5.54,5.51,-0.02,-0.09,1,58.95,13.09,5756555.0,5.15,5.41,5.67,9.56,0,20.69,25.36,0,100,1,0,0,0,ImpulseDown,3,Orta,2025-11-06 00:00,6.19,ImpulseUp,5,Başlangıç,2025-12-15 08:00,5.53,down,2025-12-16 00:00,up,2025-12-16 12:00,-,0,-,0,-,0,-,0,AL,50,2025-12-08 11:45,209,-,0,AL,50,2025-12-08 06:30,62.0,-,0,AL,50,2025-12-16 04:00,2.0,-,0,SAT,-50,2025-10-20 00:00,41.0,0,0,0,0,0,5.46,5.96,2.88,4.39,25055272,7.227848,0.76,"ATR Oranı düşük (2.95%) | Gelişmiş Cup & Handle | ATR STOP: 5.46, TP: 5.96 | 1H:%2.88 | 1A:%4.39",4,4.38,1,0,1,0,0,-20.69,-25.36,5756555.0,0,-2.86,233042943.65,25131711.57,True,0.06,0.03,True,2.0,3.0,2.0,False,0.05,0.13,615639209.75,AKD pozitif (1g norm),1.06,37.85,9.27,0.05,41.0,38.14,KURAL5_FinalPlus_Combo,FinalPlus(desc) > PUANLAMA_V4(desc) > EMA5_137 Sinyal_Numeric(desc) > VolDelta(desc) > RSI(desc) > ATH uzaklık(asc) > ATHSkor(desc) > FinalSkorEx(asc),"KURAL2_EMA_Puan,KURAL5_FinalPlus_Combo",2,FinalPlus(desc) > PUANLAMA_V4(desc) > EMA5_137 Sinyal_Numeric(desc) > VolDelta(desc) > RSI(desc) > ATH uzaklık(asc) > ATHSkor(desc) > FinalSkorEx(asc)
AVPGY,2025-12-16,54.0,-50,0,4,0,55.42,54.43,-0.62,-0.58,0,44.97,11.85,827904.0,52.75,54.34,55.93,5.85,0,12.92,18.67,0,0,0,0,0,0,ImpulseDown,5,Orta,2025-12-02 00:00,57.35,ImpulseDown,5,Başlangıç,2025-12-16 08:00,54.5,down,2025-12-16 00:00,down,2025-12-16 12:00,-,0,-,0,-,0,-,0,AL,50,2025-12-16 07:45,28,-,0,SAT,-50,2025-12-08 11:30,57.0,-,0,SAT,-50,2025-10-14 04:00,133.0,-,0,SAT,-50,2025-11-06 00:00,28.0,0,0,0,0,0,51.92,56.08,0.93,0.56,42769609,0.0,0.55,"ATR Oranı düşük (2.56%) | ATR STOP: 51.92, TP: 56.08 | 1H:%0.93 | 1A:%0.56",2,3.85,0,0,0,0,0,-12.92,-18.67,827904.0,0,-2.99,1385957095.88,78154244.43,True,0.08,-0.04,True,2.0,3.0,2.0,False,0.01,0.03,4770031950.0,AKD pozitif (1g norm),0.84,29.06,17.73,0.05,41.0,38.01,KURAL5_FinalPlus_Combo,FinalPlus(desc) > PUANLAMA_V4(desc) > EMA5_137 Sinyal_Numeric(desc) > VolDelta(desc) > RSI(desc) > ATH uzaklık(asc) > ATHSkor(desc) > FinalSkorEx(asc),"KURAL2_EMA_Puan,KURAL5_FinalPlus_Combo",2,FinalPlus(desc) > PUANLAMA_V4(desc) > EMA5_137 Sinyal_Numeric(desc) > VolDelta(desc) > RSI(desc) > ATH uzaklık(asc) > ATHSkor(desc) > FinalSkorEx(asc)
BERA,2025-12-16,17.65,100,3,0,0,17.38,17.23,-0.12,-0.23,1,54.37,12.45,8984088.0,16.15,17.08,18.01,10.93,0,30.74,8.93,0,0,1,0,0,0,ImpulseDown,2,Orta,2025-09-30 00:00,16.09,ImpulseUp,3,Başlangıç,2025-12-10 12:00,16.82,down,2025-12-16 00:00,up,2025-12-16 12:00,-,0,-,0,-,0,-,0,AL,50,2025-12-16 12:30,9,-,0,AL,50,2025-12-12 09:30,23.0,-,0,SAT,-50,2025-11-25 04:00,47.0,-,0,AL,50,2025-12-03 00:00,9.0,0,0,0,0,0,16.68,18.62,4.81,2.32,253044830,0.015139948,0.43,"ATR Oranı düşük (3.66%) | Gelişmiş Cup & Handle | ATR STOP: 16.68, TP: 18.62 | 1H:%4.81 | 1A:%2.32",3,5.5,1,0,1,0,0,-30.74,-8.93,8984088.0,0,-13.41,3116178157.78,177016050.29,True,0.12,0.0,True,3.0,3.0,3.0,False,0.02,0.09,8186006177.6,AKD pozitif (1g norm),2.32,38.07,17.6,0.08,47.0,33.59,KURAL5_FinalPlus_Combo,FinalPlus(desc) > PUANLAMA_V4(desc) > EMA5_137 Sinyal_Numeric(desc) > VolDelta(desc) > RSI(desc) > ATH uzaklık(asc) > ATHSkor(desc) > FinalSkorEx(asc),"KURAL2_EMA_Puan,KURAL5_FinalPlus_Combo",2,FinalPlus(desc) > PUANLAMA_V4(desc) > EMA5_137 Sinyal_Numeric(desc) > VolDelta(desc) > RSI(desc) > ATH uzaklık(asc) > ATHSkor(desc) > FinalSkorEx(asc)
ALCTL,2025-12-16,108.3,0,0,0,0,110.83,108.63,-1.68,-2.03,1,47.73,9.44,430352.0,102.89,108.5,114.12,10.35,0,16.14,26.73,0,100,0,0,0,0,ImpulseUp,2,Başlangıç,2025-09-22 00:00,125.0,ImpulseUp,5,Orta,2025-12-16 08:00,105.8,up,2025-12-16 00:00,up,2025-12-16 12:00,-,0,-,0,-,0,-,0,AL,50,2025-12-16 13:45,4,-,0,SAT,-50,2025-11-11 12:30,227.0,-,0,SAT,-50,2025-11-11 12:00,75.0,-,0,SAT,-50,2025-11-26 00:00,14.0,0,0,0,0,0,102.43,114.17,1.88,-1.81,43383586,16.509148,1.34,"ATR Oranı düşük (3.61%) | ATR STOP: 102.43, TP: 114.17 | 1H:%1.88 | 1A:%-1.81",3,5.42,0,0,0,0,0,-16.14,-26.73,430352.0,0,-4.02,93660750.71,35031914.57,True,0.05,0.03,True,2.0,3.0,2.0,False,0.03,0.08,1465710106.8,AKD pozitif (1g norm),1.21,6.39,2.67,0.05,35.0,30.98,KURAL5_FinalPlus_Combo,FinalPlus(desc) > PUANLAMA_V4(desc) > EMA5_137 Sinyal_Numeric(desc) > VolDelta(desc) > RSI(desc) > ATH uzaklık(asc) > ATHSkor(desc) > FinalSkorEx(asc),"KURAL2_EMA_Puan,KURAL5_FinalPlus_Combo",2,FinalPlus(desc) > PUANLAMA_V4(desc) > EMA5_137 Sinyal_Numeric(desc) > VolDelta(desc) > RSI(desc) > ATH uzaklık(asc) > ATHSkor(desc) > FinalSkorEx(asc)
KAYSE,2025-12-16,18.09,0,0,0,0,17.74,17.64,0.01,-0.13,1,59.81,19.98,-4235019.0,16.99,17.5,18.01,5.82,0,8.98,17.77,0,0,0,0,1,0,ImpulseDown,4,Orta,2025-11-28 00:00,17.17,,-,Orta,,,down,2025-12-16 00:00,,,-,0,-,0,-,0,-,0,AL,50,2025-12-11 07:00,130,-,0,-,0,,,-,0,-,0,,,-,0,SAT,-50,2025-10-01 00:00,53.0,0,0,0,0,0,17.45,18.73,3.37,3.19,36025653,0.0,0.34,"ATR Oranı düşük (2.35%) | Gelişmiş TOBO formasyonu | ATR STOP: 17.45, TP: 18.73 | 1H:%3.37 | 1A:%3.19 | Volume Delta pozitif",2,3.54,0,1,1,1,0,-8.98,-17.77,-4235019.0,5,2.43,1499547854.14,38147155.43,True,-0.02,0.02,False,0.0,3.0,1.0,False,0.02,0.06,3464250665.94,AKD nötr/negatif,-0.11,43.29,39.31,-0.01,28.0,30.43,KURAL5_FinalPlus_Combo,FinalPlus(desc) > PUANLAMA_V4(desc) > EMA5_137 Sinyal_Numeric(desc) > VolDelta(desc) > RSI(desc) > ATH uzaklık(asc) > ATHSkor(desc) > FinalSkorEx(asc),"KURAL2_EMA_Puan,KURAL5_FinalPlus_Combo",2,FinalPlus(desc) > PUANLAMA_V4(desc) > EMA5_137 Sinyal_Numeric(desc) > VolDelta(desc) > RSI(desc) > ATH uzaklık(asc) > ATHSkor(desc) > FinalSkorEx(asc)
BUCIM,2025-12-16,6.91,0,0,0,0,6.75,6.55,0.15,0.06,1,73.38,24.56,-5005154.0,5.82,6.42,7.02,18.7,0,14.03,24.15,0,100,0,0,0,0,ImpulseUp,2,Orta,2025-09-22 00:00,7.14,ImpulseUp,5,Başlangıç,2025-12-10 12:00,6.6,up,2025-12-16 00:00,up,2025-12-16 12:00,-,0,-,0,-,0,-,0,AL,50,2025-11-27 12:00,440,-,0,AL,50,2025-12-01 14:30,99.0,-,0,AL,50,2025-12-05 12:00,21.0,-,0,AL,50,2025-12-15 00:00,1.0,0,1,0,0,0,6.69,7.13,2.37,9.51,43600802,0.0,0.67,"ATR Oranı düşük (2.11%) | ATR STOP: 6.69, TP: 7.13 | 1H:%2.37 | 1A:%9.51 | Confirmed BUY (alphaTrend teyidi)",4,3.18,0,0,0,0,0,-14.03,-24.15,-5005154.0,0,-1.14,790497204.2,91714642.0,True,0.05,0.04,False,2.0,3.0,2.0,False,0.01,0.06,3739692449.15,AKD nötr/negatif,-0.72,21.14,8.62,0.04,30.0,28.86,KURAL5_FinalPlus_Combo,FinalPlus(desc) > PUANLAMA_V4(desc) > EMA5_137 Sinyal_Numeric(desc) > VolDelta(desc) > RSI(desc) > ATH uzaklık(asc) > ATHSkor(desc) > FinalSkorEx(asc),"KURAL2_EMA_Puan,KURAL5_FinalPlus_Combo",2,FinalPlus(desc) > PUANLAMA_V4(desc) > EMA5_137 Sinyal_Numeric(desc) > VolDelta(desc) > RSI(desc) > ATH uzaklık(asc) > ATHSkor(desc) > FinalSkorEx(asc)
YKSLN,2025-12-16,3.58,-100,0,3,0,3.78,4.23,-0.63,-0.65,1,25.16,41.87,21547106.0,2.12,4.45,6.77,104.67,0,4.68,58.08,0,100,1,0,0,0,ImpulseDown,2,Başlangıç,2025-09-29 00:00,5.73,ImpulseDown,4,Yükseliş Başlangıcı,2025-12-10 08:00,3.4,down,2025-12-16 00:00,down,2025-12-16 12:00,-,0,-,0,-,0,-,0,AL,50,2025-12-16 07:15,30,-,0,SAT,-50,2025-12-10 06:30,44.0,-,0,SAT,-50,2025-12-10 04:00,14.0,-,0,SAT,-50,2025-12-01 00:00,11.0,0,0,0,0,0,3.23,3.93,4.68,-40.43,58995666,0.0,1.64,"ATR Oranı düşük (6.55%) | Gelişmiş Cup & Handle | ATR STOP: 3.23, TP: 3.93 | 1H:%4.68 | 1A:%-40.43 | Volume Delta pozitif",5,9.78,0,1,1,0,0,-4.68,-58.08,21547106.0,0,11.24,544980616.73,44976139.43,True,-0.03,-0.02,False,0.0,3.0,1.0,False,0.17,0.47,449610270.38,AKD nötr/negatif,0.85,121.21,12.12,-0.03,17.0,28.24,KURAL_DIP_STRICT,"Dip<=10, ATH uzak>=30, Aylık<=20, Son5g (0,15]; FinalSkorPlus(desc, ops) > EMA5_137 Sinyal_Numeric(desc) > VolDelta(desc) > PUANLAMA_V4(desc) > FinalSkorEx(asc)","KURAL5_FinalPlus_Combo,KURAL_DIP_STRICT",2,"Dip<=10, ATH uzak>=30, Aylık<=20, Son5g (0,15]; FinalSkorPlus(desc, ops) > EMA5_137 Sinyal_Numeric(desc) > VolDelta(desc) > PUANLAMA_V4(desc) > FinalSkorEx(asc)"
ZEDUR,2025-12-16,9.02,50,4,0,0,8.65,8.56,0.12,0.01,1,66.92,31.44,2735379.0,7.88,8.44,8.99,13.18,1,37.71,17.17,0,0,1,0,0,0,ImpulseDown,3,Başlangıç,2025-11-05 00:00,9.21,ImpulseUp,5,Orta,2025-12-16 08:00,8.74,down,2025-12-16 00:00,up,2025-12-16 12:00,-,0,-,0,-,0,-,0,AL,50,2025-12-05 14:45,231,-,0,AL,50,2025-12-05 14:30,63.0,-,0,AL,50,2025-12-09 08:00,16.0,-,0,AL,50,2025-12-11 00:00,3.0,0,0,0,0,0,8.57,9.47,5.5,5.62,24424213,20.500002,0.71,"EMA20 > EMA50 > EMA200 (Güçlü trend) | ATR Oranı düşük (3.35%) | Gelişmiş Cup & Handle | ATR STOP: 8.57, TP: 9.47 | 1H:%5.5 | 1A:%5.62",8,4.99,2,0,1,0,0,-37.71,-17.17,2735379.0,0,-2.8,34639254.54,21386798.29,True,0.04,-0.01,False,0.0,3.0,1.0,False,0.04,0.12,630102635.36,AKD nötr/negatif,0.11,5.5,1.62,0.02,30.0,27.2,KURAL4_Puan_Vol,"PUANLAMA_V4 desc, FinalSkorPlus(desc, ops), VolumeDeltaUp_Sort desc","KURAL1_Puan_FinalEx,KURAL4_Puan_Vol",2,"PUANLAMA_V4 desc, FinalSkorPlus(desc, ops), VolumeDeltaUp_Sort desc"
SUNTK,2025-12-16,44.16,50,4,0,0,39.75,40.24,0.92,0.36,1,62.11,23.44,3483570.0,33.58,39.14,44.69,28.38,1,60.35,12.94,0,0,1,0,1,0,ImpulseUp,2,Başlangıç,2025-09-24 00:00,53.6,ImpulseUp,3,Başlangıç,2025-12-08 04:00,40.48,up,2025-12-16 00:00,up,2025-12-16 12:00,-,0,-,0,-,0,-,0,AL,50,2025-12-15 12:00,44,-,0,AL,50,2025-12-02 09:30,95.0,-,0,AL,50,2025-12-04 12:00,24.0,-,0,AL,50,2025-12-08 00:00,6.0,1,0,0,0,0,40.7,47.62,5.04,19.16,56611434,25.52601,2.94,"EMA20 > EMA50 > EMA200 (Güçlü trend) | ATR Oranı düşük (5.23%) | Gelişmiş TOBO formasyonu | Gelişmiş Cup & Handle | ATR STOP: 40.7, TP: 47.62 | 1H:%5.04 | 1A:%19.16 | Volume Delta pozitif",9,7.84,2,1,1,1,0,-60.35,-12.94,3483570.0,5,-15.35,10107638101.04,91747910.29,True,0.0,0.0,False,0.0,3.0,1.0,False,0.02,0.06,6380573166.72,AKD nötr/negatif,4.1,158.41,110.17,0.0,30.0,14.65,KURAL4_Puan_Vol,"PUANLAMA_V4 desc, FinalSkorPlus(desc, ops), VolumeDeltaUp_Sort desc","KURAL1_Puan_FinalEx,KURAL4_Puan_Vol",2,"PUANLAMA_V4 desc, FinalSkorPlus(desc, ops), VolumeDeltaUp_Sort desc"
BORSK,2025-12-16,6.7,50,4,0,0,6.38,5.88,0.33,0.24,1,72.52,43.27,57197322.0,4.84,5.76,6.68,31.91,1,64.89,0.0,100,0,0,0,1,0,ImpulseUp,5,Başlangıç,2025-11-21 00:00,4.98,ImpulseUp,5,Başlangıç,2025-12-08 12:00,5.72,up,2025-12-16 00:00,up,2025-12-16 12:00,-,0,-,0,-,0,-,0,AL,50,2025-12-15 12:30,42,-,0,AL,50,2025-12-09 09:30,50.0,-,0,AL,50,2025-12-09 08:00,16.0,-,0,AL,50,2025-07-18 00:00,106.0,0,1,0,0,0,6.23,7.17,8.41,29.96,88984550,26.8,0.95,"EMA20 > EMA50 > EMA200 (Güçlü trend) | ATH Breakout! (uzaklık %0.0) | ATR Oranı düşük (4.65%) | Gelişmiş TOBO formasyonu | ATR STOP: 6.23, TP: 7.17 | 1H:%8.41 | 1A:%29.96 | Confirmed BUY (alphaTrend teyidi) | Volume Delta pozitif",10,7.01,2,1,1,1,0,-64.89,-0.0,57197322.0,5,-12.11,2915549662.5,121480560.29,True,0.02,0.0,False,0.0,3.0,1.0,False,0.21,0.49,1875149274.2,AKD nötr/negatif,0.15,155.48,24.0,0.01,23.0,10.89,KURAL4_Puan_Vol,"PUANLAMA_V4 desc, FinalSkorPlus(desc, ops), VolumeDeltaUp_Sort desc","KURAL1_Puan_FinalEx,KURAL4_Puan_Vol",2,"PUANLAMA_V4 desc, FinalSkorPlus(desc, ops), VolumeDeltaUp_Sort desc"
HOROZ,2025-12-16,66.95,50,4,0,0,63.75,62.06,1.36,0.18,1,72.75,25.83,1639292.0,54.61,60.61,66.61,19.79,1,52.37,10.73,0,0,1,0,0,0,ImpulseUp,4,Düşüş Başlangıcı,2025-10-22 00:00,68.85,ImpulseUp,2,Düşüş Başlangıcı,2025-11-28 04:00,59.95,up,2025-12-16 00:00,up,2025-12-16 12:00,-,0,-,0,-,0,-,0,AL,50,2025-12-11 11:45,111,-,0,AL,50,2025-12-04 08:30,78.0,-,0,AL,50,2025-12-09 04:00,17.0,-,0,AL,50,2025-07-11 00:00,110.0,0,1,0,0,0,63.57,70.33,9.31,11.12,55036970,0.0,1.65,"EMA20 > EMA50 > EMA200 (Güçlü trend) | ATR Oranı düşük (3.37%) | Gelişmiş Cup & Handle | ATR STOP: 63.57, TP: 70.33 | 1H:%9.31 | 1A:%11.12 | Confirmed BUY (alphaTrend teyidi) | Volume Delta pozitif",9,5.05,2,1,1,0,0,-52.37,-10.73,1639292.0,0,-12.57,-14874225.79,86157688.71,False,-0.02,-0.01,False,0.0,0.0,0.0,False,0.08,0.2,1457377374.7,AKD nötr/negatif,0.75,-1.02,-0.17,-0.02,11.0,-1.57,KURAL4_Puan_Vol,"PUANLAMA_V4 desc, FinalSkorPlus(desc, ops), VolumeDeltaUp_Sort desc","KURAL1_Puan_FinalEx,KURAL4_Puan_Vol",2,"PUANLAMA_V4 desc, FinalSkorPlus(desc, ops), VolumeDeltaUp_Sort desc"
DMSAS,2025-12-16,12.22,50,4,0,0,11.71,11.05,0.62,0.49,1,91.41,85.22,1227340.0,9.52,10.9,12.28,25.33,1,84.59,0.0,100,0,1,0,0,0,ImpulseUp,4,Düşüş Başlangıcı,2025-08-26 00:00,8.25,ImpulseUp,5,Başlangıç,2025-12-05 12:00,10.7,up,2025-12-16 00:00,up,2025-12-16 12:00,-,0,-,0,-,0,-,0,AL,50,2025-12-08 07:00,229,-,0,AL,50,2025-09-15 10:30,577.0,-,0,AL,50,2025-09-15 08:00,195.0,-,0,AL,50,2025-08-22 00:00,82.0,0,1,0,0,0,11.84,12.6,6.82,21.11,22841375,0.0,1.81,"EMA20 > EMA50 > EMA200 (Güçlü trend) | ATH Breakout! (uzaklık %0.0) | ATR Oranı düşük (2.1%) | Gelişmiş Cup & Handle | ATR STOP: 11.84, TP: 12.6 | 1H:%6.82 | 1A:%21.11 | Confirmed BUY (alphaTrend teyidi)",10,3.11,2,0,1,0,0,-84.59,-0.0,1227340.0,0,-38.68,561120125.62,25872368.0,True,0.04,0.0,False,0.0,3.0,1.0,False,0.01,0.05,1285436525.1,AKD nötr/negatif,0.99,43.65,21.69,0.03,16.0,-22.68,KURAL4_Puan_Vol,"PUANLAMA_V4 desc, FinalSkorPlus(desc, ops), VolumeDeltaUp_Sort desc","KURAL1_Puan_FinalEx,KURAL4_Puan_Vol",2,"PUANLAMA_V4 desc, FinalSkorPlus(desc, ops), VolumeDeltaUp_Sort desc"
ARMGD,2025-12-16,65.6,50,4,0,0,59.07,48.6,5.98,3.12,1,92.22,51.35,8667835.0,29.91,46.21,62.51,70.55,1,118.96,0.0,100,0,1,0,0,0,ImpulseUp,2,Düşüş Başlangıcı,2025-09-02 00:00,35.42,ImpulseUp,3,Başlangıç,2025-11-28 04:00,39.62,up,2025-12-16 00:00,up,2025-12-16 12:00,-,0,-,0,-,0,-,0,AL,50,2025-12-08 07:00,229,-,0,AL,50,2025-11-17 14:30,189.0,-,0,AL,50,2025-10-10 04:00,139.0,-,0,AL,50,2025-09-17 00:00,63.0,0,1,0,0,0,60.94,70.26,25.55,75.59,197982492,29.285713,3.02,"EMA20 > EMA50 > EMA200 (Güçlü trend) | ATH Breakout! (uzaklık %0.0) | ATR Oranı düşük (4.73%) | Gelişmiş Cup & Handle | ATR STOP: 60.94, TP: 70.26 | 1H:%25.55 | 1A:%75.59 | Confirmed BUY (alphaTrend teyidi) | Volume Delta pozitif",10,7.1,2,1,1,0,0,-118.96,-0.0,8667835.0,0,-71.86,389256695.97,261388675.43,True,0.01,0.01,False,0.0,3.0,1.0,False,0.19,0.63,2930874044.8,AKD nötr/negatif,3.55,13.28,1.49,0.01,20.0,-51.86,KURAL4_Puan_Vol,"PUANLAMA_V4 desc, FinalSkorPlus(desc, ops), VolumeDeltaUp_Sort desc","KURAL1_Puan_FinalEx,KURAL4_Puan_Vol",2,"PUANLAMA_V4 desc, FinalSkorPlus(desc, ops), VolumeDeltaUp_Sort desc"
IMASM,2025-12-16,5.47,50,4,0,0,4.94,4.95,0.14,0.01,1,62.91,28.88,96196162.0,4.13,4.85,5.58,29.97,1,143.11,6.97,0,0,1,0,1,0,ImpulseUp,5,Orta,2025-12-04 00:00,4.18,ImpulseUp,5,Orta,2025-12-15 04:00,5.2,up,2025-12-16 00:00,up,2025-12-16 12:00,-,0,-,0,-,0,-,0,AL,50,2025-12-08 07:00,229,-,0,AL,50,2025-12-08 14:30,54.0,-,0,AL,50,2025-12-09 04:00,17.0,-,0,-,0,,,0,0,0,0,0,4.94,6.0,8.96,3.21,312971066,0.0,1.63,"EMA20 > EMA50 > EMA200 (Güçlü trend) | ATR Oranı düşük (6.43%) | Gelişmiş TOBO formasyonu | Gelişmiş Cup & Handle | ATR STOP: 4.94, TP: 6.0 | 1H:%8.96 | 1A:%3.21",9,9.69,2,0,1,0,0,-143.11,-6.97,96196162.0,0,-100.61,941562508.62,309586999.43,True,0.0,0.04,False,0.0,3.0,1.0,False,0.15,0.35,3402271696.11,AKD nötr/negatif,4.19,27.67,3.04,0.01,34.0,-66.61,KURAL4_Puan_Vol,"PUANLAMA_V4 desc, FinalSkorPlus(desc, ops), VolumeDeltaUp_Sort desc","KURAL1_Puan_FinalEx,KURAL4_Puan_Vol",2,"PUANLAMA_V4 desc, FinalSkorPlus(desc, ops), VolumeDeltaUp_Sort desc"
OZRDN,2025-12-16,15.93,50,4,0,0,14.36,13.85,1.08,0.82,1,69.28,33.64,-554446.0,10.28,13.44,16.6,46.99,1,118.22,1.73,100,0,1,0,0,0,ImpulseUp,5,Başlangıç,2025-11-07 00:00,10.18,ImpulseUp,3,Başlangıç,2025-12-10 12:00,14.65,up,2025-12-16 00:00,up,2025-12-16 12:00,-,0,-,0,-,0,-,0,AL,50,2025-12-15 07:30,62,-,0,AL,50,2025-11-24 10:30,148.0,-,0,AL,50,2025-10-08 08:00,144.0,-,0,AL,50,2025-07-25 00:00,102.0,0,0,0,0,0,14.29,17.57,8.44,43.77,13142407,14.44243,3.61,"EMA20 > EMA50 > EMA200 (Güçlü trend) | ATH Breakout! (uzaklık %1.73) | ATR Oranı düşük (6.87%) | Gelişmiş Cup & Handle | ATR STOP: 14.29, TP: 17.57 | 1H:%8.44 | 1A:%43.77",9,10.3,2,0,1,0,0,-118.22,-1.73,-554446.0,0,-78.16,-230646509.48,18634308.29,False,0.03,0.01,False,0.0,-3.0,-1.0,False,0.01,0.07,687899391.48,AKD nötr/negatif,-1.73,-33.53,-12.38,0.02,-2.0,-80.16,KURAL4_Puan_Vol,"PUANLAMA_V4 desc, FinalSkorPlus(desc, ops), VolumeDeltaUp_Sort desc","KURAL1_Puan_FinalEx,KURAL4_Puan_Vol",2,"PUANLAMA_V4 desc, FinalSkorPlus(desc, ops), VolumeDeltaUp_Sort desc"
BIGEN,2025-12-16,9.63,100,3,0,0,9.36,9.55,-0.24,-0.36,1,48.12,19.4,13934942.0,8.84,9.45,10.07,12.94,0,6.17,47.09,0,100,0,0,0,0,ImpulseDown,4,Yükseliş Başlangıcı,2025-12-05 00:00,9.03,ImpulseUp,2,Düşüş Başlangıcı,2025-12-02 04:00,9.36,down,2025-12-16 00:00,up,2025-12-16 12:00,-,0,-,0,-,0,-,0,AL,50,2025-12-09 13:00,172,-,0,AL,50,2025-12-12 14:30,18.0,-,0,SAT,-50,2025-11-07 08:00,82.0,-,0,SAT,-50,2025-09-01 00:00,75.0,0,0,0,0,0,9.16,10.1,2.34,-5.03,68584867,8.675675,1.41,"ATR Oranı düşük (3.26%) | ATR STOP: 9.16, TP: 10.1 | 1H:%2.34 | 1A:%-5.03 | Volume Delta pozitif",3,4.88,1,1,0,0,0,-6.17,-47.09,13934942.0,0,3.77,738626674.2,53793128.57,True,-0.01,-0.0,False,0.0,3.0,1.0,False,0.12,0.23,1112096966.13,AKD nötr/negatif,1.37,66.42,13.73,-0.01,16.0,19.77,KURAL_DIP_STRICT,"Dip<=10, ATH uzak>=30, Aylık<=20, Son5g (0,15]; FinalSkorPlus(desc, ops) > EMA5_137 Sinyal_Numeric(desc) > VolDelta(desc) > PUANLAMA_V4(desc) > FinalSkorEx(asc)",KURAL_DIP_STRICT,1,"Dip<=10, ATH uzak>=30, Aylık<=20, Son5g (0,15]; FinalSkorPlus(desc, ops) > EMA5_137 Sinyal_Numeric(desc) > VolDelta(desc) > PUANLAMA_V4(desc) > FinalSkorEx(asc)"
JANTS,2025-12-16,19.71,0,0,0,0,19.71,19.64,-0.1,-0.26,1,49.43,20.6,-1575681.0,18.9,19.44,19.98,5.52,0,5.29,31.32,0,100,0,0,0,0,ImpulseDown,3,Düşüş Başlangıcı,2025-10-27 00:00,21.88,ImpulseUp,3,Orta,2025-12-04 12:00,19.11,down,2025-12-16 00:00,up,2025-12-16 12:00,-,0,-,0,-,0,-,0,SAT,-50,2025-12-16 08:00,27,-,0,AL,50,2025-12-10 07:30,43.0,-,0,SAT,-50,2025-12-16 08:00,1.0,-,0,SAT,-50,2025-10-06 00:00,51.0,0,0,0,0,0,18.9,20.52,1.6,1.03,57575336,0.0,2.17,"ATR Oranı düşük (2.74%) | ATR STOP: 18.9, TP: 20.52 | 1H:%1.6 | 1A:%1.03",2,4.11,0,0,0,0,0,-5.29,-31.32,-1575681.0,0,-0.31,368370867.33,56219541.14,True,-0.02,0.01,False,0.0,3.0,1.0,False,0.01,0.08,2359859240.43,AKD nötr/negatif,-1.84,15.61,6.55,-0.01,16.0,15.69,KURAL_DIP_STRICT,"Dip<=10, ATH uzak>=30, Aylık<=20, Son5g (0,15]; FinalSkorPlus(desc, ops) > EMA5_137 Sinyal_Numeric(desc) > VolDelta(desc) > PUANLAMA_V4(desc) > FinalSkorEx(asc)",KURAL_DIP_STRICT,1,"Dip<=10, ATH uzak>=30, Aylık<=20, Son5g (0,15]; FinalSkorPlus(desc, ops) > EMA5_137 Sinyal_Numeric(desc) > VolDelta(desc) > PUANLAMA_V4(desc) > FinalSkorEx(asc)"
ALVES,2025-12-16,24.6,0,0,0,0,24.92,24.96,-0.7,-0.88,1,42.59,20.08,-2384641.0,22.97,24.73,26.48,14.22,0,4.15,39.5,0,100,0,0,0,0,ImpulseDown,3,Düşüş Başlangıcı,2025-10-21 00:00,29.66,ImpulseDown,3,Orta,2025-12-04 12:00,25.76,down,2025-12-16 00:00,down,2025-12-16 12:00,-,0,-,0,-,0,-,0,AL,50,2025-12-15 07:00,64,-,0,AL,50,2025-12-15 06:30,17.0,-,0,SAT,-50,2025-09-26 12:00,167.0,-,0,SAT,-50,2025-10-02 00:00,52.0,0,0,0,0,0,23.51,25.69,2.41,-6.68,135228091,0.0,1.53,"ATR Oranı düşük (2.97%) | ATR STOP: 23.51, TP: 25.69 | 1H:%2.41 | 1A:%-6.68",2,4.43,0,0,0,0,0,-4.15,-39.5,-2384641.0,0,-1.43,2219885474.89,68202529.29,True,0.01,0.02,False,0.0,3.0,1.0,False,0.03,0.1,2120575325.4,AKD nötr/negatif,-0.65,104.68,32.55,0.01,14.0,12.57,KURAL_DIP_STRICT,"Dip<=10, ATH uzak>=30, Aylık<=20, Son5g (0,15]; FinalSkorPlus(desc, ops) > EMA5_137 Sinyal_Numeric(desc) > VolDelta(desc) > PUANLAMA_V4(desc) > FinalSkorEx(asc)",KURAL_DIP_STRICT,1,"Dip<=10, ATH uzak>=30, Aylık<=20, Son5g (0,15]; FinalSkorPlus(desc, ops) > EMA5_137 Sinyal_Numeric(desc) > VolDelta(desc) > PUANLAMA_V4(desc) > FinalSkorEx(asc)"
RUBNS,2025-12-16,19.78,0,0,0,0,19.69,19.63,-0.02,-0.13,1,52.09,14.34,-467126.0,19.03,19.49,19.96,4.79,0,8.98,37.01,0,100,1,0,0,0,ImpulseDown,3,Orta,2025-11-04 00:00,21.3,ImpulseUp,2,Düşüş Başlangıcı,2025-12-10 04:00,19.76,down,2025-12-16 00:00,up,2025-12-16 12:00,-,0,-,0,-,0,-,0,AL,50,2025-12-15 14:30,34,-,0,AL,50,2025-12-01 10:30,103.0,-,0,AL,50,2025-12-16 04:00,2.0,-,0,SAT,-50,2025-10-02 00:00,53.0,0,0,0,0,0,19.1,20.46,1.64,2.28,9700322,0.0,0.44,"ATR Oranı düşük (2.29%) | Gelişmiş Cup & Handle | ATR STOP: 19.1, TP: 20.46 | 1H:%1.64 | 1A:%2.28",3,3.44,0,0,1,0,0,-8.98,-37.01,-467126.0,0,0.2,210270396.22,11421314.57,True,0.0,-0.03,False,0.0,3.0,1.0,False,0.01,0.06,690551190.86,AKD nötr/negatif,-1.3,30.45,18.41,-0.0,11.0,11.2,KURAL_DIP_STRICT,"Dip<=10, ATH uzak>=30, Aylık<=20, Son5g (0,15]; FinalSkorPlus(desc, ops) > EMA5_137 Sinyal_Numeric(desc) > VolDelta(desc) > PUANLAMA_V4(desc) > FinalSkorEx(asc)",KURAL_DIP_STRICT,1,"Dip<=10, ATH uzak>=30, Aylık<=20, Son5g (0,15]; FinalSkorPlus(desc, ops) > EMA5_137 Sinyal_Numeric(desc) > VolDelta(desc) > PUANLAMA_V4(desc) > FinalSkorEx(asc)"
SASA,2025-12-16,2.88,-100,0,3,0,2.98,2.93,-0.04,-0.05,1,42.56,7.15,-477541543.0,2.81,2.95,3.08,9.3,0,3.6,45.14,0,100,1,0,0,0,ImpulseDown,3,Düşüş Başlangıcı,2025-10-23 00:00,3.3,ImpulseDown,5,Orta,2025-12-15 04:00,2.93,down,2025-12-16 00:00,down,2025-12-16 12:00,-,0,-,0,-,0,-,0,SAT,-50,2025-12-16 07:45,28,-,0,SAT,-50,2025-12-03 10:30,85.0,-,0,SAT,-50,2025-09-29 08:00,165.0,-,0,SAT,-50,2025-10-03 00:00,52.0,0,0,0,0,0,2.76,3.0,0.0,-0.69,1713847924,13.714287,0.91,"ATR Oranı düşük (2.86%) | Gelişmiş Cup & Handle | ATR STOP: 2.76, TP: 3.0 | 1H:%0.0 | 1A:%-0.69",3,4.17,0,0,1,0,0,-3.6,-45.14,-477541543.0,0,-0.61,13712255815.52,2494118755.86,True,-0.02,-0.0,False,0.0,3.0,1.0,False,0.03,0.14,39735624038.4,AKD nötr/negatif,-1.37,34.51,5.5,-0.01,11.0,10.39,KURAL_DIP_STRICT,"Dip<=10, ATH uzak>=30, Aylık<=20, Son5g (0,15]; FinalSkorPlus(desc, ops) > EMA5_137 Sinyal_Numeric(desc) > VolDelta(desc) > PUANLAMA_V4(desc) > FinalSkorEx(asc)",KURAL_DIP_STRICT,1,"Dip<=10, ATH uzak>=30, Aylık<=20, Son5g (0,15]; FinalSkorPlus(desc, ops) > EMA5_137 Sinyal_Numeric(desc) > VolDelta(desc) > PUANLAMA_V4(desc) > FinalSkorEx(asc)"
FORMT,2025-12-16,3.5,-100,0,3,0,3.64,3.59,-0.08,-0.1,1,42.43,18.65,-20697170.0,3.36,3.55,3.75,11.07,0,6.38,55.64,0,100,0,0,1,0,ImpulseDown,2,Başlangıç,2025-09-29 00:00,3.74,ImpulseDown,4,Yükseliş Başlangıcı,2025-12-11 04:00,3.48,down,2025-12-16 00:00,down,2025-12-16 12:00,-,0,-,0,-,0,-,0,SAT,-50,2025-12-15 07:30,62,-,0,SAT,-50,2025-12-08 11:30,57.0,-,0,SAT,-50,2025-11-13 12:00,69.0,-,0,SAT,-50,2025-11-14 00:00,22.0,0,0,0,0,0,3.28,3.72,0.57,-4.63,165328137,0.0,1.99,"ATR Oranı düşük (4.1%) | Gelişmiş TOBO formasyonu | ATR STOP: 3.28, TP: 3.72 | 1H:%0.57 | 1A:%-4.63",3,6.29,0,0,1,0,0,-6.38,-55.64,-20697170.0,0,-4.76,2634615780.38,132686315.14,True,0.01,0.02,False,0.0,3.0,1.0,False,0.02,0.07,3476093915.0,AKD nötr/negatif,-0.28,75.79,19.86,0.01,14.0,9.24,KURAL_DIP_STRICT,"Dip<=10, ATH uzak>=30, Aylık<=20, Son5g (0,15]; FinalSkorPlus(desc, ops) > EMA5_137 Sinyal_Numeric(desc) > VolDelta(desc) > PUANLAMA_V4(desc) > FinalSkorEx(asc)",KURAL_DIP_STRICT,1,"Dip<=10, ATH uzak>=30, Aylık<=20, Son5g (0,15]; FinalSkorPlus(desc, ops) > EMA5_137 Sinyal_Numeric(desc) > VolDelta(desc) > PUANLAMA_V4(desc) > FinalSkorEx(asc)"
BOBET,2025-12-16,19.12,100,3,0,0,19.15,19.0,-0.03,-0.08,1,52.71,9.89,2756293.0,18.63,18.91,19.2,3.03,0,7.81,33.42,0,100,0,0,0,0,ImpulseUp,3,Yükseliş Başlangıcı,2025-11-14 00:00,18.52,ImpulseDown,4,Başlangıç,2025-12-11 12:00,18.94,up,2025-12-16 00:00,down,2025-12-16 12:00,-,0,-,0,-,0,-,0,AL,50,2025-12-16 12:15,10,-,0,AL,50,2025-12-08 10:30,58.0,-,0,SAT,-50,2025-11-07 12:00,81.0,-,0,SAT,-50,2025-08-14 00:00,88.0,0,0,0,0,0,18.65,19.59,0.74,1.11,38077993,0.0,1.08,"ATR Oranı düşük (1.65%) | ATR STOP: 18.65, TP: 19.59 | 1H:%0.74 | 1A:%1.11",3,2.46,1,0,0,0,0,-7.81,-33.42,2756293.0,0,3.9,-36757697.32,64742618.57,False,0.05,-0.02,True,0.0,-2.0,-1.0,False,0.02,0.07,2179348382.72,AKD pozitif (1g norm),0.16,-1.69,-0.57,0.03,3.0,6.9,KURAL_DIP_STRICT,"Dip<=10, ATH uzak>=30, Aylık<=20, Son5g (0,15]; FinalSkorPlus(desc, ops) > EMA5_137 Sinyal_Numeric(desc) > VolDelta(desc) > PUANLAMA_V4(desc) > FinalSkorEx(asc)",KURAL_DIP_STRICT,1,"Dip<=10, ATH uzak>=30, Aylık<=20, Son5g (0,15]; FinalSkorPlus(desc, ops) > EMA5_137 Sinyal_Numeric(desc) > VolDelta(desc) > PUANLAMA_V4(desc) > FinalSkorEx(asc)"
DGNMO,2025-12-16,5.44,-100,0,3,0,5.5,5.54,-0.15,-0.16,1,40.24,21.53,2272064.0,5.22,5.54,5.86,11.5,0,2.64,46.93,0,100,1,0,0,0,ImpulseDown,5,Düşüş Başlangıcı,2025-11-03 00:00,6.49,ImpulseDown,3,Başlangıç,2025-12-10 04:00,5.46,down,2025-12-16 00:00,down,2025-12-16 12:00,-,0,-,0,-,0,-,0,AL,50,2025-12-15 07:15,63,-,0,SAT,-50,2025-11-11 07:30,232.0,-,0,SAT,-50,2025-09-08 04:00,211.0,-,0,SAT,-50,2025-09-30 00:00,55.0,0,0,0,0,0,5.21,5.67,2.64,-5.88,8558213,0.0,0.83,"ATR Oranı düşük (2.81%) | Gelişmiş Cup & Handle | ATR STOP: 5.21, TP: 5.67 | 1H:%2.64 | 1A:%-5.88",4,4.23,0,0,1,0,0,-2.64,-46.93,2272064.0,0,10.23,-197050980.29,18363699.43,False,-0.02,-0.0,False,0.0,-3.0,-1.0,False,0.01,0.05,952732109.76,AKD nötr/negatif,0.37,-20.68,-10.73,-0.01,-12.0,-1.77,KURAL_DIP_STRICT,"Dip<=10, ATH uzak>=30, Aylık<=20, Son5g (0,15]; FinalSkorPlus(desc, ops) > EMA5_137 Sinyal_Numeric(desc) > VolDelta(desc) > PUANLAMA_V4(desc) > FinalSkorEx(asc)",KURAL_DIP_STRICT,1,"Dip<=10, ATH uzak>=30, Aylık<=20, Son5g (0,15]; FinalSkorPlus(desc, ops) > EMA5_137 Sinyal_Numeric(desc) > VolDelta(desc) > PUANLAMA_V4(desc) > FinalSkorEx(asc)"
BANVT,2025-12-16,162.8,-100,0,3,0,165.46,166.28,-3.46,-3.97,1,40.49,16.59,-353498.0,159.12,165.86,172.6,8.12,0,1.24,49.01,0,100,1,0,0,0,ImpulseDown,5,Düşüş Başlangıcı,2025-12-15 00:00,176.5,ImpulseUp,2,Başlangıç,2025-12-04 08:00,167.6,down,2025-12-16 00:00,up,2025-12-16 12:00,-,0,-,0,-,0,-,0,SAT,-50,2025-12-16 14:15,2,-,0,SAT,-50,2025-12-16 09:30,5.0,-,0,SAT,-50,2025-09-02 12:00,221.0,-,0,-,0,,,0,0,0,0,0,155.48,170.12,1.24,-5.9,40959906,0.0,1.63,"ATR Oranı düşük (3.0%) | Gelişmiş Cup & Handle | ATR STOP: 155.48, TP: 170.12 | 1H:%1.24 | 1A:%-5.9",3,4.5,0,0,1,0,0,-1.24,-49.01,-353498.0,0,5.7,-220688168.91,89694840.71,False,-0.02,0.0,False,0.0,-3.0,-1.0,False,0.04,0.39,1349996045.2,AKD nötr/negatif,-3.1,-16.35,-2.46,-0.01,-14.0,-8.3,KURAL_DIP_STRICT,"Dip<=10, ATH uzak>=30, Aylık<=20, Son5g (0,15]; FinalSkorPlus(desc, ops) > EMA5_137 Sinyal_Numeric(desc) > VolDelta(desc) > PUANLAMA_V4(desc) > FinalSkorEx(asc)",KURAL_DIP_STRICT,1,"Dip<=10, ATH uzak>=30, Aylık<=20, Son5g (0,15]; FinalSkorPlus(desc, ops) > EMA5_137 Sinyal_Numeric(desc) > VolDelta(desc) > PUANLAMA_V4(desc) > FinalSkorEx(asc)"
EGGUB,2025-12-16,100.3,100,3,0,0,99.73,98.76,-0.86,-1.6,1,52.74,15.28,655791.0,94.27,97.77,101.27,7.16,0,93.04,24.07,0,100,0,0,0,0,ImpulseDown,3,Orta,2025-11-06 00:00,115.0,ImpulseUp,5,Orta,2025-12-16 08:00,97.85,down,2025-12-16 00:00,up,2025-12-16 12:00,AL,50,-,0,-,0,-,0,AL,50,2025-12-16 12:15,10,-,0,AL,50,2025-12-10 07:30,43.0,-,0,SAT,-50,2025-10-03 08:00,153.0,-,0,SAT,-50,2025-11-21 00:00,17.0,0,0,0,0,0,95.21,105.39,2.98,-1.28,46789965,22.43848,1.26,"ATR Oranı düşük (3.38%) | ATR STOP: 95.21, TP: 105.39 | 1H:%2.98 | 1A:%-1.28",3,5.07,1,0,0,0,0,-93.04,-24.07,655791.0,0,-80.3,-153874487.44,36490254.14,False,0.06,0.02,True,2.0,-3.0,0.0,False,0.01,0.03,4560602785.7,AKD pozitif (1g norm),1.52,-3.37,-4.22,0.05,10.0,-70.3,KURAL2_EMA_Puan,"EMA5_137 Sinyal_Numeric desc, FinalSkorPlus(desc, ops), PUANLAMA_V4 desc",KURAL2_EMA_Puan,1,"EMA5_137 Sinyal_Numeric desc, FinalSkorPlus(desc, ops), PUANLAMA_V4 desc"
EYGYO,2025-12-16,3.92,0,0,0,0,3.96,3.95,-0.17,-0.21,1,45.45,28.21,13506227.0,3.16,3.99,4.83,41.72,0,97.98,22.99,0,100,1,0,0,0,ImpulseDown,2,Başlangıç,2025-10-20 00:00,4.25,ImpulseUp,3,Başlangıç,2025-12-08 08:00,3.73,down,2025-12-16 00:00,up,2025-12-16 12:00,AL,50,-,0,-,0,-,0,AL,50,2025-12-15 14:30,34,-,0,AL,50,2025-12-16 07:30,7.0,-,0,SAT,-50,2025-11-25 08:00,46.0,-,0,-,0,,,0,0,0,0,0,3.62,4.22,6.52,-14.04,55544491,0.0,1.29,"ATR Oranı düşük (5.09%) | Gelişmiş Cup & Handle | ATR STOP: 3.62, TP: 4.22 | 1H:%6.52 | 1A:%-14.04",6,7.65,0,0,1,0,0,-97.98,-22.99,13506227.0,0,-71.24,-116370718.04,31226926.14,False,-0.06,-0.02,False,-2.0,-3.0,-2.0,False,0.05,0.14,973786443.28,AKD nötr/negatif,0.26,-11.95,-3.73,-0.05,-13.0,-84.24,KURAL2_EMA_Puan,"EMA5_137 Sinyal_Numeric desc, FinalSkorPlus(desc, ops), PUANLAMA_V4 desc",KURAL2_EMA_Puan,1,"EMA5_137 Sinyal_Numeric desc, FinalSkorPlus(desc, ops), PUANLAMA_V4 desc"
GEREL,2025-12-16,20.72,100,3,0,0,19.79,19.61,0.07,0.16,0,58.04,18.24,12083947.0,18.28,19.95,21.62,16.77,1,162.28,20.67,0,100,0,0,0,0,ImpulseDown,2,Orta,2025-09-29 00:00,19.53,ImpulseUp,4,Orta,2025-12-02 08:00,22.84,down,2025-12-16 00:00,up,2025-12-16 12:00,-,0,-,0,-,0,-,0,AL,50,2025-12-15 08:00,60,-,0,AL,50,2025-12-16 10:30,4.0,-,0,AL,50,2025-12-16 04:00,2.0,AL,50,AL,50,2025-12-16 00:00,0.0,1,0,0,0,0,19.17,22.27,7.41,13.16,159624371,0.0,2.77,"EMA20 > EMA50 > EMA200 (Güçlü trend) | ATR Oranı düşük (5.0%) | ATR STOP: 19.17, TP: 22.27 | 1H:%7.41 | 1A:%13.16 | Volume Delta pozitif",5,7.48,1,1,0,0,0,-162.28,-20.67,12083947.0,0,-139.19,250157766.13,108140880.86,True,0.04,0.01,False,0.0,3.0,1.0,False,0.06,0.12,4032561748.32,AKD nötr/negatif,7.41,6.2,2.31,0.03,24.0,-115.19,KURAL3_Dip_EMA,"Dipten Uzaklık desc, EMA5_137 Sinyal_Numeric desc, FinalSkorPlus(desc, ops)",KURAL3_Dip_EMA,1,"Dipten Uzaklık desc, EMA5_137 Sinyal_Numeric desc, FinalSkorPlus(desc, ops)"
DMRGD,2025-12-16,3.74,100,3,0,0,3.32,3.23,0.08,-0.02,1,73.07,24.13,101559793.0,2.67,3.12,3.56,28.4,0,168.34,17.26,0,0,0,0,0,0,ImpulseUp,4,Düşüş Başlangıcı,2025-10-28 00:00,3.79,,-,Orta,,,up,2025-12-16 00:00,,,-,0,-,0,-,0,-,0,AL,50,2025-12-04 12:15,274,-,0,-,0,,,-,0,-,0,,,-,0,SAT,-50,2025-11-07 00:00,27.0,0,1,0,0,0,3.47,4.01,19.49,30.77,103902896,37.399998,3.23,"ATR Oranı düşük (4.78%) | ATR STOP: 3.47, TP: 4.01 | 1H:%19.49 | 1A:%30.77 | Confirmed BUY (alphaTrend teyidi) | Volume Delta pozitif",5,7.22,1,1,0,0,0,-168.34,-17.26,101559793.0,0,-143.86,12375050532.65,90000819.71,True,-0.0,0.01,False,0.0,3.0,1.0,False,0.15,0.26,2579665546.04,AKD nötr/negatif,7.78,479.72,137.5,0.0,24.0,-119.86,KURAL3_Dip_EMA,"Dipten Uzaklık desc, EMA5_137 Sinyal_Numeric desc, FinalSkorPlus(desc, ops)",KURAL3_Dip_EMA,1,"Dipten Uzaklık desc, EMA5_137 Sinyal_Numeric desc, FinalSkorPlus(desc, ops)"
ISGSY,2025-12-16,74.25,100,3,0,0,75.45,73.35,-0.19,-0.41,1,52.06,18.54,1208925.0,69.54,72.89,76.24,9.2,0,172.18,26.63,0,100,1,0,0,0,ImpulseUp,2,Orta,2025-10-24 00:00,79.5,ImpulseDown,2,Yükseliş Başlangıcı,2025-12-01 12:00,69.95,up,2025-12-16 00:00,down,2025-12-16 12:00,-,0,-,0,-,0,-,0,AL,50,2025-12-16 13:15,6,-,0,AL,50,2025-12-16 12:30,2.0,-,0,SAT,-50,2025-12-12 12:00,6.0,-,0,AL,50,2025-07-22 00:00,104.0,0,0,0,0,0,69.1,79.4,2.2,-6.95,118103819,0.0,0.75,"ATR Oranı düşük (4.63%) | Gelişmiş Cup & Handle | ATR STOP: 69.1, TP: 79.4 | 1H:%2.2 | 1A:%-6.95",4,6.94,1,0,1,0,0,-172.18,-26.63,1208925.0,0,-155.62,509066261.54,71566273.71,True,0.03,0.03,False,0.0,3.0,1.0,False,0.04,0.09,2289626534.25,AKD nötr/negatif,1.78,22.23,7.11,0.03,18.0,-137.62,KURAL3_Dip_EMA,"Dipten Uzaklık desc, EMA5_137 Sinyal_Numeric desc, FinalSkorPlus(desc, ops)",KURAL3_Dip_EMA,1,"Dipten Uzaklık desc, EMA5_137 Sinyal_Numeric desc, FinalSkorPlus(desc, ops)"
LRSHO,2025-12-16,5.49,0,0,0,0,5.43,5.45,-0.01,-0.1,1,50.49,16.89,-23341670.0,4.87,5.31,5.75,16.6,0,171.78,26.01,0,100,1,0,0,0,ImpulseDown,5,Orta,2025-12-15 00:00,6.02,,-,Orta,,,down,2025-12-16 00:00,,,-,0,-,0,-,0,-,0,SAT,-50,2025-12-15 14:00,36,-,0,-,0,,,-,0,-,0,,,-,0,AL,50,2025-12-15 00:00,1.0,0,0,0,0,0,5.04,5.94,1.67,-3.85,154350117,3.9496403,0.6,"ATR Oranı düşük (5.45%) | Gelişmiş Cup & Handle | ATR STOP: 5.04, TP: 5.94 | 1H:%1.67 | 1A:%-3.85",3,8.2,0,0,1,0,0,-171.78,-26.01,-23341670.0,0,-164.32,-2550665481.46,145833526.43,False,0.04,0.0,False,0.0,-3.0,-1.0,False,0.04,0.13,3353583491.55,AKD nötr/negatif,-2.14,-76.06,-17.49,0.03,-12.0,-176.32,KURAL3_Dip_EMA,"Dipten Uzaklık desc, EMA5_137 Sinyal_Numeric desc, FinalSkorPlus(desc, ops)",KURAL3_Dip_EMA,1,"Dipten Uzaklık desc, EMA5_137 Sinyal_Numeric desc, FinalSkorPlus(desc, ops)"
AHSGY,2025-12-16,14.64,50,4,0,0,14.26,14.24,0.2,0.16,1,55.07,23.34,-4053495.0,13.4,14.33,15.27,13.04,1,189.67,7.8,0,0,1,0,0,0,ImpulseDown,2,Yükseliş Başlangıcı,2025-09-25 00:00,10.7,ImpulseUp,2,Düşüş Başlangıcı,2025-12-05 04:00,14.67,down,2025-12-16 00:00,up,2025-12-16 12:00,-,0,-,0,-,0,-,0,AL,50,2025-12-12 14:45,66,-,0,AL,50,2025-12-15 08:30,15.0,-,0,AL,50,2025-07-16 04:00,325.0,-,0,AL,50,2025-07-21 00:00,106.0,0,0,0,0,0,13.1,16.18,4.95,-0.52,49300147,0.0,1.52,"EMA20 > EMA50 > EMA200 (Güçlü trend) | ATR Oranı düşük (7.04%) | Gelişmiş Cup & Handle | ATR STOP: 13.1, TP: 16.18 | 1H:%4.95 | 1A:%-0.52",5,10.52,2,0,1,0,0,-189.67,-7.8,-4053495.0,0,-169.16,6745393247.16,36150078.0,True,-0.09,-0.03,False,-2.0,3.0,0.0,False,0.02,0.06,2708020750.8,AKD nötr/negatif,-4.81,249.09,186.59,-0.07,-10.0,-179.16,KURAL3_Dip_EMA,"Dipten Uzaklık desc, EMA5_137 Sinyal_Numeric desc, FinalSkorPlus(desc, ops)",KURAL3_Dip_EMA,1,"Dipten Uzaklık desc, EMA5_137 Sinyal_Numeric desc, FinalSkorPlus(desc, ops)"
BULGS,2025-12-16,42.46,-50,0,4,0,43.92,43.48,-0.17,0.55,0,47.52,24.83,14332322.0,40.09,44.75,49.41,20.84,1,217.1,16.91,0,0,1,1,0,0,ImpulseUp,3,Yükseliş Başlangıcı,2025-11-10 00:00,40.18,ImpulseUp,4,Başlangıç,2025-12-10 08:00,47.18,up,2025-12-16 00:00,up,2025-12-16 12:00,-,0,-,0,-,0,-,0,AL,50,2025-12-16 09:30,21,-,0,SAT,-50,2025-12-03 13:30,82.0,-,0,SAT,-50,2025-12-15 04:00,5.0,-,0,-,0,,,0,0,1,0,0,38.43,46.49,-1.3,-9.0,588114533,35.38333,1.75,"EMA20 > EMA50 > EMA200 (Güçlü trend) | ATR Oranı düşük (6.33%) | Gelişmiş Cup & Handle | Gelişmiş Bull Flag | ATR STOP: 38.43, TP: 46.49 | 1H:%-1.3 | 1A:%-9.0 | Confirmed SELL (alphaTrend teyidi)",2,9.49,0,0,1,0,0,-217.1,-16.91,14332322.0,0,-205.1,3217986249.72,351796944.86,True,0.01,-0.01,False,0.0,3.0,1.0,False,0.2,0.42,3078177102.88,AKD nötr/negatif,3.26,104.54,9.15,0.0,22.0,-183.1,KURAL3_Dip_EMA,"Dipten Uzaklık desc, EMA5_137 Sinyal_Numeric desc, FinalSkorPlus(desc, ops)",KURAL3_Dip_EMA,1,"Dipten Uzaklık desc, EMA5_137 Sinyal_Numeric desc, FinalSkorPlus(desc, ops)"
ENERY,2025-12-16,9.7,-50,0,4,0,10.4,10.17,-0.01,0.09,0,42.24,15.46,-12381672.0,9.52,10.38,11.24,16.54,1,209.29,18.49,0,0,0,0,0,0,ImpulseUp,3,Orta,2025-10-22 00:00,9.08,,-,Orta,,,up,2025-12-16 00:00,,,-,0,-,0,-,0,-,0,SAT,-50,2025-12-10 13:30,137,-,0,-,0,,,-,0,-,0,,,-,0,-,0,,,0,0,1,0,0,9.13,10.27,-5.83,-0.51,299636054,17.017544,1.81,"EMA20 > EMA50 > EMA200 (Güçlü trend) | ATR Oranı düşük (3.94%) | ATR STOP: 9.13, TP: 10.27 | 1H:%-5.83 | 1A:%-0.51 | Confirmed SELL (alphaTrend teyidi)",-1,5.88,0,0,0,0,0,-209.29,-18.49,-12381672.0,0,-215.86,12705080323.0,164029271.71,True,-0.04,-0.02,False,0.0,3.0,1.0,False,0.01,0.02,18451042481.6,AKD nötr/negatif,-2.71,68.86,77.46,-0.04,16.0,-199.86,KURAL3_Dip_EMA,"Dipten Uzaklık desc, EMA5_137 Sinyal_Numeric desc, FinalSkorPlus(desc, ops)",KURAL3_Dip_EMA,1,"Dipten Uzaklık desc, EMA5_137 Sinyal_Numeric desc, FinalSkorPlus(desc, ops)"
IZENR,2025-12-16,11.12,50,4,0,0,10.62,10.3,0.5,0.32,1,64.43,38.86,-59751490.0,8.87,10.15,11.44,25.32,1,162.88,5.76,0,0,0,1,0,0,ImpulseUp,2,Düşüş Başlangıcı,2025-09-05 00:00,10.99,,-,Orta,,,up,2025-12-16 00:00,,,-,0,-,0,-,0,-,0,AL,50,2025-12-02 08:30,355,-,0,-,0,,,-,0,-,0,,,-,0,-,0,,,0,1,0,0,0,10.29,11.95,5.4,24.52,399010413,46.333332,1.72,"EMA20 > EMA50 > EMA200 (Güçlü trend) | ATR Oranı düşük (4.99%) | Gelişmiş Bull Flag | ATR STOP: 10.29, TP: 11.95 | 1H:%5.4 | 1A:%24.52 | Confirmed BUY (alphaTrend teyidi) | Volume Delta pozitif",8,7.46,2,1,1,0,0,-162.88,-5.76,-59751490.0,0,-131.81,6306276233.26,379954482.71,True,-0.13,0.02,False,-4.0,3.0,-1.0,True,0.07,0.21,10164417778.64,AKD/Taban veto,-5.76,62.04,16.6,-0.08,-76.0,-207.81,KURAL3_Dip_EMA,"Dipten Uzaklık desc, EMA5_137 Sinyal_Numeric desc, FinalSkorPlus(desc, ops)",KURAL3_Dip_EMA,1,"Dipten Uzaklık desc, EMA5_137 Sinyal_Numeric desc, FinalSkorPlus(desc, ops)"
SKYLP,2025-12-16,260.0,0,0,0,0,259.76,248.12,9.06,16.42,0,55.07,17.61,75919.0,214.05,259.83,305.61,35.24,1,255.68,15.31,0,0,0,0,0,0,ImpulseUp,3,Orta,2025-11-27 00:00,227.0,ImpulseDown,2,Orta,2025-11-27 12:00,227.0,up,2025-12-16 00:00,down,2025-12-16 12:00,-,0,-,0,-,0,-,0,SAT,-50,2025-12-08 06:45,27,AL,50,AL,50,2025-12-16 14:30,0.0,-,0,AL,50,2025-10-20 12:00,119.0,-,0,AL,50,2025-08-12 00:00,90.0,0,0,0,0,0,232.09,287.91,4.29,-9.57,20973522,0.0,10.77,"EMA20 > EMA50 > EMA200 (Güçlü trend) | ATR Oranı düşük (7.16%) | ATR STOP: 232.09, TP: 287.91 | 1H:%4.29 | 1A:%-9.57",3,10.73,0,0,0,0,0,-255.68,-15.31,75919.0,0,-241.5,2206784103.31,27878759.86,True,-0.05,-0.16,False,-4.0,3.0,-1.0,False,0.01,0.04,1324024780.0,AKD nötr/negatif,6.17,166.67,79.16,-0.08,8.0,-233.5,KURAL3_Dip_EMA,"Dipten Uzaklık desc, EMA5_137 Sinyal_Numeric desc, FinalSkorPlus(desc, ops)",KURAL3_Dip_EMA,1,"Dipten Uzaklık desc, EMA5_137 Sinyal_Numeric desc, FinalSkorPlus(desc, ops)"
ODINE,2025-12-16,289.0,50,4,0,0,266.99,260.71,15.41,12.18,1,71.15,32.2,416737.0,205.2,252.25,299.3,37.31,1,318.84,3.02,0,0,0,0,0,0,ImpulseUp,5,Başlangıç,2025-11-27 00:00,206.8,ImpulseUp,3,Başlangıç,2025-12-04 12:00,253.25,up,2025-12-16 00:00,up,2025-12-16 12:00,-,0,-,0,-,0,-,0,AL,50,2025-12-02 09:45,350,-,0,AL,50,2025-12-03 06:30,89.0,-,0,AL,50,2025-06-26 04:00,364.0,-,0,AL,50,2025-07-22 00:00,104.0,0,1,0,0,0,268.56,309.44,4.71,16.34,280847721,85.0,15.57,"EMA20 > EMA50 > EMA200 (Güçlü trend) | ATR Oranı düşük (4.72%) | ATR STOP: 268.56, TP: 309.44 | 1H:%4.71 | 1A:%16.34 | Confirmed BUY (alphaTrend teyidi)",7,7.07,2,0,0,0,0,-318.84,-3.02,416737.0,0,-286.02,51993153.47,116659903.57,True,0.06,0.07,True,2.0,1.0,2.0,False,0.02,0.03,7919962057.0,AKD pozitif (1g norm),1.94,0.66,0.45,0.06,47.0,-239.02,KURAL3_Dip_EMA,"Dipten Uzaklık desc, EMA5_137 Sinyal_Numeric desc, FinalSkorPlus(desc, ops)",KURAL3_Dip_EMA,1,"Dipten Uzaklık desc, EMA5_137 Sinyal_Numeric desc, FinalSkorPlus(desc, ops)"
TEKTU,2025-12-16,13.29,0,0,0,0,12.49,13.46,-0.41,-0.84,1,46.6,16.0,-18799223.0,10.4,12.65,14.89,35.49,0,255.35,59.6,0,100,1,0,0,0,ImpulseDown,2,Başlangıç,2025-09-22 00:00,17.46,ImpulseUp,5,Yükseliş Başlangıcı,2025-12-12 08:00,13.01,down,2025-12-16 00:00,up,2025-12-16 12:00,-,0,-,0,-,0,-,0,SAT,-50,2025-12-16 12:00,11,-,0,AL,50,2025-12-01 06:30,107.0,-,0,SAT,-50,2025-10-21 12:00,116.0,-,0,SAT,-50,2025-11-06 00:00,28.0,0,0,0,0,0,11.46,15.12,-4.46,17.71,170858715,0.0,0.68,"ATR Oranı yüksek (9.17%) | Gelişmiş Cup & Handle | ATR STOP: 11.46, TP: 15.12 | 1H:%-4.46 | 1A:%17.71",3,13.77,0,0,1,0,0,-255.35,-59.6,-18799223.0,0,-254.48,488026761.39,416248963.71,True,-0.03,-0.03,False,0.0,3.0,1.0,False,0.1,0.28,2596297001.94,AKD nötr/negatif,-3.35,18.8,1.17,-0.03,14.0,-240.48,KURAL3_Dip_EMA,"Dipten Uzaklık desc, EMA5_137 Sinyal_Numeric desc, FinalSkorPlus(desc, ops)",KURAL3_Dip_EMA,1,"Dipten Uzaklık desc, EMA5_137 Sinyal_Numeric desc, FinalSkorPlus(desc, ops)"
CEMZY,2025-12-16,41.96,-50,0,4,0,43.52,42.99,0.15,0.96,0,48.0,21.63,4715383.0,37.0,43.62,50.24,30.36,1,280.42,25.07,0,100,1,0,0,0,ImpulseUp,3,Orta,2025-11-18 00:00,34.36,ImpulseDown,3,Düşüş Başlangıcı,2025-12-11 04:00,44.24,up,2025-12-16 00:00,down,2025-12-16 12:00,-,0,-,0,-,0,AL,50,AL,50,2025-12-16 14:45,0,-,0,SAT,-50,2025-12-09 07:30,52.0,-,0,SAT,-50,2025-12-12 08:00,7.0,-,0,AL,50,2025-07-21 00:00,105.0,0,0,0,0,0,37.04,46.88,-1.27,19.82,175728875,0.0,4.18,"EMA20 > EMA50 > EMA200 (Güçlü trend) | ATR Oranı düşük (7.82%) | Gelişmiş Cup & Handle | ATR STOP: 37.04, TP: 46.88 | 1H:%-1.27 | 1A:%19.82",4,11.73,0,0,1,0,0,-280.42,-25.07,4715383.0,0,-262.67,8138710343.37,107936311.43,True,-0.02,-0.02,False,0.0,3.0,1.0,False,0.04,0.06,5206632405.4,AKD nötr/negatif,2.24,156.31,75.4,-0.02,18.0,-244.67,KURAL3_Dip_EMA,"Dipten Uzaklık desc, EMA5_137 Sinyal_Numeric desc, FinalSkorPlus(desc, ops)",KURAL3_Dip_EMA,1,"Dipten Uzaklık desc, EMA5_137 Sinyal_Numeric desc, FinalSkorPlus(desc, ops)"
BMSTL,2025-12-16,118.0,100,3,0,0,106.81,107.22,6.13,7.63,0,60.42,46.31,1179836.0,91.35,110.39,129.43,34.5,1,325.99,6.65,0,0,1,0,0,0,ImpulseUp,5,Orta,2025-12-10 00:00,94.2,ImpulseUp,3,Orta,2025-12-04 12:00,113.8,up,2025-12-16 00:00,up,2025-12-16 12:00,-,0,-,0,-,0,-,0,AL,50,2025-12-11 10:15,117,-,0,AL,50,2025-12-15 12:30,11.0,-,0,AL,50,2025-10-30 08:00,100.0,-,0,-,0,,,0,0,0,0,0,103.63,132.37,16.03,10.59,463515957,0.0,13.37,"EMA20 > EMA50 > EMA200 (Güçlü trend) | ATR Oranı yüksek (8.12%) | Gelişmiş Cup & Handle | ATR STOP: 103.63, TP: 132.37 | 1H:%16.03 | 1A:%10.59",7,12.18,1,0,1,0,0,-325.99,-6.65,1179836.0,0,-293.46,1842232048.38,231153074.29,True,-0.01,0.05,False,0.0,3.0,1.0,False,0.02,0.05,8821501702.0,AKD nötr/negatif,1.2,20.88,7.97,0.01,21.0,-272.46,KURAL3_Dip_EMA,"Dipten Uzaklık desc, EMA5_137 Sinyal_Numeric desc, FinalSkorPlus(desc, ops)",KURAL3_Dip_EMA,1,"Dipten Uzaklık desc, EMA5_137 Sinyal_Numeric desc, FinalSkorPlus(desc, ops)"
RALYH,2025-12-16,211.0,0,0,0,0,205.16,206.73,3.99,4.83,0,57.27,19.7,810558.0,197.18,209.26,221.35,11.55,1,316.93,2.85,100,0,0,0,0,0,ImpulseUp,3,Başlangıç,2025-11-12 00:00,177.0,ImpulseUp,2,Başlangıç,2025-11-27 04:00,218.3,up,2025-12-16 00:00,up,2025-12-16 12:00,-,0,-,0,-,0,-,0,AL,50,2025-12-15 09:45,53,-,0,AL,50,2025-12-15 11:30,12.0,-,0,AL,50,2025-09-11 08:00,201.0,-,0,-,0,,,0,0,0,0,0,197.24,224.76,1.1,8.15,382259089,44.51477,13.36,"EMA20 > EMA50 > EMA200 (Güçlü trend) | ATH Breakout! (uzaklık %2.85) | ATR Oranı düşük (4.35%) | ATR STOP: 197.24, TP: 224.76 | 1H:%1.1 | 1A:%8.15",3,6.52,0,0,0,0,0,-316.93,-2.85,810558.0,0,-299.86,20501174755.57,243380233.0,True,-0.03,0.0,False,0.0,3.0,1.0,False,0.01,0.03,27942055222.0,AKD nötr/negatif,0.24,73.37,84.24,-0.02,24.0,-275.86,KURAL3_Dip_EMA,"Dipten Uzaklık desc, EMA5_137 Sinyal_Numeric desc, FinalSkorPlus(desc, ops)",KURAL3_Dip_EMA,1,"Dipten Uzaklık desc, EMA5_137 Sinyal_Numeric desc, FinalSkorPlus(desc, ops)"
MANAS,2025-12-16,16.09,50,4,0,0,14.77,12.16,1.85,0.89,1,70.15,49.35,-14979916.0,5.59,11.2,16.82,100.24,1,224.4,9.96,0,0,0,0,0,0,ImpulseUp,2,Düşüş Başlangıcı,2025-09-08 00:00,11.11,ImpulseUp,2,Düşüş Başlangıcı,2025-11-24 08:00,10.2,up,2025-12-16 00:00,up,2025-12-16 12:00,-,0,-,0,-,0,-,0,AL,50,2025-12-05 10:00,250,-,0,AL,50,2025-12-05 14:30,63.0,-,0,AL,50,2025-11-07 04:00,83.0,-,0,AL,50,2025-11-05 00:00,29.0,0,1,0,0,0,14.17,18.01,19.72,52.8,353279727,0.0,3.36,"EMA20 > EMA50 > EMA200 (Güçlü trend) | ATR Oranı düşük (7.95%) | ATR STOP: 14.17, TP: 18.01 | 1H:%19.72 | 1A:%52.8 | Confirmed BUY (alphaTrend teyidi)",8,11.93,2,0,0,0,0,-224.4,-9.96,-14979916.0,0,-193.36,-475870615.85,170096857.0,False,-0.11,-0.02,False,-4.0,-3.0,-4.0,True,0.13,0.44,1976993054.53,AKD/Taban veto,-9.96,-24.07,-2.8,-0.08,-97.0,-290.36,KURAL3_Dip_EMA,"Dipten Uzaklık desc, EMA5_137 Sinyal_Numeric desc, FinalSkorPlus(desc, ops)",KURAL3_Dip_EMA,1,"Dipten Uzaklık desc, EMA5_137 Sinyal_Numeric desc, FinalSkorPlus(desc, ops)"
ISKPL,2025-12-16,12.07,50,4,0,0,11.33,10.57,0.81,0.49,1,69.66,35.5,-18493534.0,7.54,10.17,12.79,51.63,1,367.16,1.07,100,0,1,1,0,0,ImpulseUp,3,Başlangıç,2025-11-12 00:00,8.78,ImpulseUp,2,Düşüş Başlangıcı,2025-12-01 04:00,9.0,up,2025-12-16 00:00,up,2025-12-16 12:00,-,0,-,0,-,0,-,0,SAT,-50,2025-12-16 14:15,2,-,0,AL,50,2025-12-04 09:30,77.0,-,0,AL,50,2025-12-04 08:00,25.0,-,0,-,0,,,0,1,0,0,0,11.13,13.01,-0.49,30.91,143072565,36.02985,7.29,"EMA20 > EMA50 > EMA200 (Güçlü trend) | ATH Breakout! (uzaklık %1.07) | ATR Oranı düşük (5.2%) | Gelişmiş Cup & Handle | Gelişmiş Bull Flag | ATR STOP: 11.13, TP: 13.01 | 1H:%-0.49 | 1A:%30.91 | Confirmed BUY (alphaTrend teyidi)",8,7.79,2,0,1,0,0,-367.16,-1.07,-18493534.0,0,-334.56,4545655789.41,255903745.86,True,-0.01,-0.07,False,0.0,3.0,1.0,False,0.04,0.18,5933773593.16,AKD nötr/negatif,-1.07,76.61,17.76,-0.03,23.0,-311.56,KURAL3_Dip_EMA,"Dipten Uzaklık desc, EMA5_137 Sinyal_Numeric desc, FinalSkorPlus(desc, ops)",KURAL3_Dip_EMA,1,"Dipten Uzaklık desc, EMA5_137 Sinyal_Numeric desc, FinalSkorPlus(desc, ops)"
KTLEV,2025-12-16,16.98,100,3,0,0,17.28,16.85,0.77,0.98,0,54.82,38.71,43160836.0,13.83,16.69,19.55,34.23,1,350.36,8.41,0,0,1,0,0,0,ImpulseUp,5,Başlangıç,2025-11-21 00:00,14.0,,-,Orta,,,up,2025-12-16 00:00,,,-,0,-,0,-,0,-,0,SAT,-50,2025-12-12 09:45,86,-,0,-,0,,,-,0,-,0,,,-,0,-,0,,,0,0,0,0,0,15.56,18.4,-4.61,11.93,815302946,5.6225166,4.38,"EMA20 > EMA50 > EMA200 (Güçlü trend) | ATR Oranı düşük (5.57%) | Gelişmiş Cup & Handle | ATR STOP: 15.56, TP: 18.4 | 1H:%-4.61 | 1A:%11.93",3,8.36,1,0,1,0,0,-350.36,-8.41,43160836.0,0,-332.35,35796633274.42,748893154.43,True,-0.01,-0.02,False,0.0,3.0,1.0,False,0.06,0.18,12891267653.16,AKD nötr/negatif,0.89,277.68,47.8,-0.01,15.0,-317.35,KURAL3_Dip_EMA,"Dipten Uzaklık desc, EMA5_137 Sinyal_Numeric desc, FinalSkorPlus(desc, ops)",KURAL3_Dip_EMA,1,"Dipten Uzaklık desc, EMA5_137 Sinyal_Numeric desc, FinalSkorPlus(desc, ops)"
GMTAS,2025-12-16,45.24,0,0,0,0,43.44,45.14,0.5,0.67,0,52.82,33.75,1104342.0,44.26,45.49,46.71,5.41,1,384.26,7.97,0,0,1,1,0,0,ImpulseUp,3,Orta,2025-10-30 00:00,40.86,ImpulseUp,2,Başlangıç,2025-12-08 04:00,47.3,up,2025-12-16 00:00,up,2025-12-16 12:00,-,0,-,0,-,0,-,0,SAT,-50,2025-12-16 12:15,10,-,0,AL,50,2025-12-16 09:30,5.0,-,0,AL,50,2025-05-12 12:00,451.0,-,0,-,0,,,0,0,0,0,0,42.51,47.97,0.62,-0.31,97914761,0.0,1.89,"EMA20 > EMA50 > EMA200 (Güçlü trend) | ATR Oranı düşük (4.03%) | Gelişmiş Cup & Handle | Gelişmiş Bull Flag | ATR STOP: 42.51, TP: 47.97 | 1H:%0.62 | 1A:%-0.31",5,6.03,0,0,1,0,0,-384.26,-7.97,1104342.0,0,-360.06,6612101209.46,115983209.57,True,0.07,0.02,True,2.0,3.0,2.0,False,0.01,0.04,6023160224.64,AKD pozitif (1g norm),0.53,109.78,57.01,0.06,38.0,-322.06,KURAL3_Dip_EMA,"Dipten Uzaklık desc, EMA5_137 Sinyal_Numeric desc, FinalSkorPlus(desc, ops)",KURAL3_Dip_EMA,1,"Dipten Uzaklık desc, EMA5_137 Sinyal_Numeric desc, FinalSkorPlus(desc, ops)"
TMPOL,2025-12-16,336.5,-50,0,4,0,365.41,342.41,26.18,38.08,0,51.62,24.34,-376608.0,256.71,347.61,438.52,52.3,1,410.62,22.2,0,100,1,0,0,0,ImpulseUp,5,Başlangıç,2025-10-17 00:00,173.7,ImpulseDown,3,Orta,2025-12-11 04:00,397.0,up,2025-12-16 00:00,down,2025-12-16 12:00,-,0,-,0,-,0,SAT,-50,SAT,-50,2025-12-16 14:45,0,-,0,AL,50,2025-11-03 09:30,176.0,-,0,AL,50,2025-07-04 12:00,344.0,-,0,AL,50,2025-07-10 00:00,112.0,0,0,0,0,0,283.7,389.3,-11.45,26.86,177702708,134.6,5.71,"EMA20 > EMA50 > EMA200 (Güçlü trend) | ATR Oranı yüksek (10.46%) | Gelişmiş Cup & Handle | ATR STOP: 283.7, TP: 389.3 | 1H:%-11.45 | 1A:%26.86",3,15.69,0,0,1,0,0,-410.62,-22.2,-376608.0,0,-398.34,7025830390.05,202000385.14,True,0.0,-0.02,False,0.0,3.0,1.0,False,0.05,0.15,2585594325.5,AKD nötr/negatif,-4.27,271.73,34.78,-0.0,16.0,-382.34,KURAL3_Dip_EMA,"Dipten Uzaklık desc, EMA5_137 Sinyal_Numeric desc, FinalSkorPlus(desc, ops)",KURAL3_Dip_EMA,1,"Dipten Uzaklık desc, EMA5_137 Sinyal_Numeric desc, FinalSkorPlus(desc, ops)"
GUNDG,2025-12-16,229.9,50,4,0,0,211.57,183.44,31.76,27.06,1,68.77,58.85,-195627.0,96.02,176.91,257.8,91.45,1,435.38,9.93,0,0,0,0,0,0,ImpulseUp,3,Başlangıç,2025-09-23 00:00,89.38,ImpulseUp,5,Başlangıç,2025-12-08 04:00,172.2,up,2025-12-16 00:00,up,2025-12-16 12:00,-,0,-,0,-,0,-,0,AL,50,2025-12-10 13:00,110,-,0,AL,50,2025-11-18 07:30,182.0,-,0,AL,50,2025-11-19 04:00,59.0,-,0,-,0,,,0,1,0,0,0,202.98,256.82,16.94,144.13,116514986,0.0,0.0,"EMA20 > EMA50 > EMA200 (Güçlü trend) | ATR Oranı düşük (7.81%) | ATR STOP: 202.98, TP: 256.82 | 1H:%16.94 | 1A:%144.13 | Confirmed BUY (alphaTrend teyidi)",8,11.71,2,0,0,0,0,-435.38,-9.93,-195627.0,0,-400.45,9953981092.29,110124004.29,True,-0.07,-0.04,False,-2.0,3.0,0.0,True,0.02,0.1,2425607769.2,AKD/Taban veto,-9.93,410.37,90.39,-0.06,-38.0,-438.45,KURAL3_Dip_EMA,"Dipten Uzaklık desc, EMA5_137 Sinyal_Numeric desc, FinalSkorPlus(desc, ops)",KURAL3_Dip_EMA,1,"Dipten Uzaklık desc, EMA5_137 Sinyal_Numeric desc, FinalSkorPlus(desc, ops)"
POLHO,2025-12-16,17.89,50,4,0,0,17.15,17.59,0.33,0.27,1,53.87,16.44,-1705223.0,14.86,17.13,19.39,26.45,1,731.3,22.69,0,100,1,0,0,0,ImpulseDown,3,Orta,2025-11-04 00:00,19.65,ImpulseDown,2,Orta,2025-12-04 08:00,16.59,down,2025-12-16 00:00,down,2025-12-16 12:00,-,0,-,0,-,0,-,0,SAT,-50,2025-12-15 14:15,35,-,0,AL,50,2025-12-01 10:30,103.0,-,0,AL,50,2025-12-05 08:00,22.0,-,0,-,0,,,0,0,0,0,0,16.62,19.16,0.06,4.99,103949303,0.0,4.86,"EMA20 > EMA50 > EMA200 (Güçlü trend) | ATR Oranı düşük (4.75%) | Gelişmiş Cup & Handle | ATR STOP: 16.62, TP: 19.16 | 1H:%0.06 | 1A:%4.99",5,7.1,2,0,1,0,0,-731.3,-22.69,-1705223.0,0,-712.73,-9771128780.43,92932394.43,False,0.03,0.03,False,0.0,-3.0,-1.0,False,0.01,0.05,2934915952.15,AKD nötr/negatif,-1.11,-332.93,-105.14,0.03,-6.0,-718.73,KURAL3_Dip_EMA,"Dipten Uzaklık desc, EMA5_137 Sinyal_Numeric desc, FinalSkorPlus(desc, ops)",KURAL3_Dip_EMA,1,"Dipten Uzaklık desc, EMA5_137 Sinyal_Numeric desc, FinalSkorPlus(desc, ops)"
